[
{
  "model": "periods.academicyear",
  "pk": 1,
  "fields": {
    "academic_year_name": "1439/1440",
    "academic_year_date_start": "2018-08-26",
    "academic_year_date_end": "2019-08-10"
  }
},
{
  "model": "periods.semester",
  "pk": 1,
  "fields": {
    "semester_name": "Term I",
    "semester_academic_year": 1,
    "semester_date_start": "2018-08-19",
    "semester_date_end": "2019-01-05",
    "semester_isSummerTerm": false,
    "semester_isInUse": true
  }
},
{
  "model": "periods.semester",
  "pk": 2,
  "fields": {
    "semester_name": "Term II",
    "semester_academic_year": 1,
    "semester_date_start": "2019-01-06",
    "semester_date_end": "2019-06-01",
    "semester_isSummerTerm": false,
    "semester_isInUse": false
  }
},
{
  "model": "departments.location",
  "pk": 4,
  "fields": {
    "location_name_ar": "\u0627\u0644\u0645\u062c\u0645\u0639 \u0627\u0644\u0623\u0643\u0627\u062f\u064a\u0645\u064a \u0628\u062a\u0646\u0648\u0645\u0647",
    "location_name": "The Academic Campus in Tanumah"
  }
},
{
  "model": "departments.college",
  "pk": 19,
  "fields": {
    "college_name": "Computer Science - Abha",
    "college_name_ar": "\u0639\u0644\u0648\u0645 \u0627\u0644\u062d\u0627\u0633\u0628-\u0623\u0628\u0647\u0627",
    "college_location": 4
  }
},
{
  "model": "departments.college",
  "pk": 20,
  "fields": {
    "college_name": "Science",
    "college_name_ar": "\u0627\u0644\u0639\u0644\u0648\u0645",
    "college_location": 4
  }
},
{
  "model": "departments.college",
  "pk": 21,
  "fields": {
    "college_name": "Languages \u200b\u200band translation",
    "college_name_ar": "\u0627\u0644\u0644\u063a\u0627\u062a \u0648\u0627\u0644\u062a\u0631\u062c\u0645\u0629",
    "college_location": 4
  }
},
{
  "model": "departments.college",
  "pk": 22,
  "fields": {
    "college_name": "Sharia and the fundamentals of religion",
    "college_name_ar": "\u0627\u0644\u0634\u0631\u064a\u0639\u0629 \u0648\u0623\u0635\u0648\u0644 \u0627\u0644\u062f\u064a\u0646",
    "college_location": 4
  }
},
{
  "model": "departments.college",
  "pk": 23,
  "fields": {
    "college_name": "Humanities",
    "college_name_ar": "\u0627\u0644\u0639\u0644\u0648\u0645 \u0627\u0644\u0625\u0646\u0633\u0627\u0646\u064a\u0629",
    "college_location": 4
  }
},
{
  "model": "departments.college",
  "pk": 24,
  "fields": {
    "college_name": "Business",
    "college_name_ar": "\u0627\u0644\u0623\u0639\u0645\u0627\u0644",
    "college_location": 4
  }
},
{
  "model": "departments.department",
  "pk": 31,
  "fields": {
    "department_name": "Information Systems",
    "department_name_ar": "\u0646\u0638\u0645 \u0627\u0644\u0645\u0639\u0644\u0648\u0645\u0627\u062a",
    "department_location": 19
  }
},
{
  "model": "departments.department",
  "pk": 32,
  "fields": {
    "department_name": "Computer Science",
    "department_name_ar": "\u0639\u0644\u0648\u0645 \u0627\u0644\u062d\u0627\u0633\u0628",
    "department_location": 19
  }
},
{
  "model": "departments.department",
  "pk": 33,
  "fields": {
    "department_name": "Mathematics",
    "department_name_ar": "\u0627\u0644\u0631\u064a\u0627\u0636\u064a\u0627\u062a",
    "department_location": 20
  }
},
{
  "model": "departments.department",
  "pk": 34,
  "fields": {
    "department_name": "Physics",
    "department_name_ar": "\u0627\u0644\u0641\u064a\u0632\u064a\u0627\u0621",
    "department_location": 20
  }
},
{
  "model": "departments.department",
  "pk": 35,
  "fields": {
    "department_name": "Biology",
    "department_name_ar": "\u0627\u0644\u0623\u062d\u064a\u0627\u0621",
    "department_location": 20
  }
},
{
  "model": "departments.department",
  "pk": 36,
  "fields": {
    "department_name": "Chemistry",
    "department_name_ar": "\u0627\u0644\u0643\u064a\u0645\u064a\u0627\u0621",
    "department_location": 20
  }
},
{
  "model": "departments.department",
  "pk": 37,
  "fields": {
    "department_name": "English Language",
    "department_name_ar": "\u0627\u0644\u0644\u063a\u0629 \u0627\u0644\u0625\u0646\u062c\u0644\u064a\u0632\u064a\u0629",
    "department_location": 21
  }
},
{
  "model": "departments.department",
  "pk": 38,
  "fields": {
    "department_name": "Jurisprudence",
    "department_name_ar": "\u0627\u0644\u0641\u0642\u0647",
    "department_location": 22
  }
},
{
  "model": "departments.department",
  "pk": 39,
  "fields": {
    "department_name": "Arabic language and its literature",
    "department_name_ar": "\u0627\u0644\u0644\u063a\u0629 \u0627\u0644\u0639\u0631\u0628\u064a\u0629 \u0648\u0622\u062f\u0627\u0628\u0647\u0627",
    "department_location": 23
  }
},
{
  "model": "departments.department",
  "pk": 40,
  "fields": {
    "department_name": "Business Administration",
    "department_name_ar": "\u0625\u062f\u0627\u0631\u0629 \u0623\u0639\u0645\u0627\u0644",
    "department_location": 24
  }
},
{
  "model": "departments.section",
  "pk": 283,
  "fields": {
    "section_code": 20,
    "section_department": 31,
    "section_course": 32,
    "section_semester": 1,
    "section_teachers": [
      8
    ]
  }
},
{
  "model": "departments.section",
  "pk": 284,
  "fields": {
    "section_code": 24,
    "section_department": 31,
    "section_course": 33,
    "section_semester": 1,
    "section_teachers": [
      9
    ]
  }
},
{
  "model": "departments.section",
  "pk": 285,
  "fields": {
    "section_code": 32,
    "section_department": 31,
    "section_course": 34,
    "section_semester": 1,
    "section_teachers": [
      10
    ]
  }
},
{
  "model": "departments.section",
  "pk": 286,
  "fields": {
    "section_code": 50,
    "section_department": 31,
    "section_course": 35,
    "section_semester": 1,
    "section_teachers": [
      11
    ]
  }
},
{
  "model": "departments.section",
  "pk": 287,
  "fields": {
    "section_code": 179,
    "section_department": 31,
    "section_course": 36,
    "section_semester": 1,
    "section_teachers": [
      8
    ]
  }
},
{
  "model": "departments.section",
  "pk": 288,
  "fields": {
    "section_code": 5,
    "section_department": 32,
    "section_course": 37,
    "section_semester": 1,
    "section_teachers": [
      12
    ]
  }
},
{
  "model": "departments.section",
  "pk": 289,
  "fields": {
    "section_code": 11,
    "section_department": 32,
    "section_course": 38,
    "section_semester": 1,
    "section_teachers": [
      13
    ]
  }
},
{
  "model": "departments.section",
  "pk": 290,
  "fields": {
    "section_code": 18,
    "section_department": 32,
    "section_course": 39,
    "section_semester": 1,
    "section_teachers": [
      14
    ]
  }
},
{
  "model": "departments.section",
  "pk": 291,
  "fields": {
    "section_code": 16,
    "section_department": 32,
    "section_course": 40,
    "section_semester": 1,
    "section_teachers": [
      10
    ]
  }
},
{
  "model": "departments.section",
  "pk": 292,
  "fields": {
    "section_code": 28,
    "section_department": 32,
    "section_course": 41,
    "section_semester": 1,
    "section_teachers": [
      14
    ]
  }
},
{
  "model": "departments.section",
  "pk": 293,
  "fields": {
    "section_code": 30,
    "section_department": 32,
    "section_course": 42,
    "section_semester": 1,
    "section_teachers": [
      12
    ]
  }
},
{
  "model": "departments.section",
  "pk": 294,
  "fields": {
    "section_code": 22,
    "section_department": 32,
    "section_course": 43,
    "section_semester": 1,
    "section_teachers": [
      12
    ]
  }
},
{
  "model": "departments.section",
  "pk": 295,
  "fields": {
    "section_code": 34,
    "section_department": 32,
    "section_course": 44,
    "section_semester": 1,
    "section_teachers": [
      14
    ]
  }
},
{
  "model": "departments.section",
  "pk": 296,
  "fields": {
    "section_code": 38,
    "section_department": 32,
    "section_course": 45,
    "section_semester": 1,
    "section_teachers": [
      11
    ]
  }
},
{
  "model": "departments.section",
  "pk": 297,
  "fields": {
    "section_code": 54,
    "section_department": 32,
    "section_course": 46,
    "section_semester": 1,
    "section_teachers": [
      9
    ]
  }
},
{
  "model": "departments.section",
  "pk": 298,
  "fields": {
    "section_code": 46,
    "section_department": 32,
    "section_course": 47,
    "section_semester": 1,
    "section_teachers": [
      15
    ]
  }
},
{
  "model": "departments.section",
  "pk": 299,
  "fields": {
    "section_code": 48,
    "section_department": 32,
    "section_course": 48,
    "section_semester": 1,
    "section_teachers": [
      14
    ]
  }
},
{
  "model": "departments.section",
  "pk": 300,
  "fields": {
    "section_code": 69,
    "section_department": 32,
    "section_course": 49,
    "section_semester": 1,
    "section_teachers": [
      13
    ]
  }
},
{
  "model": "departments.section",
  "pk": 301,
  "fields": {
    "section_code": 44,
    "section_department": 32,
    "section_course": 50,
    "section_semester": 1,
    "section_teachers": [
      11
    ]
  }
},
{
  "model": "departments.section",
  "pk": 302,
  "fields": {
    "section_code": 67,
    "section_department": 32,
    "section_course": 130,
    "section_semester": 1,
    "section_teachers": [
      13
    ]
  }
},
{
  "model": "departments.section",
  "pk": 303,
  "fields": {
    "section_code": 62,
    "section_department": 32,
    "section_course": 52,
    "section_semester": 1,
    "section_teachers": [
      13
    ]
  }
},
{
  "model": "departments.section",
  "pk": 304,
  "fields": {
    "section_code": 60,
    "section_department": 32,
    "section_course": 53,
    "section_semester": 1,
    "section_teachers": [
      14
    ]
  }
},
{
  "model": "departments.section",
  "pk": 305,
  "fields": {
    "section_code": 177,
    "section_department": 32,
    "section_course": 54,
    "section_semester": 1,
    "section_teachers": [
      10
    ]
  }
},
{
  "model": "departments.section",
  "pk": 306,
  "fields": {
    "section_code": 184,
    "section_department": 32,
    "section_course": 55,
    "section_semester": 1,
    "section_teachers": [
      16
    ]
  }
},
{
  "model": "departments.section",
  "pk": 307,
  "fields": {
    "section_code": 64,
    "section_department": 32,
    "section_course": 56,
    "section_semester": 1,
    "section_teachers": [
      16
    ]
  }
},
{
  "model": "departments.section",
  "pk": 308,
  "fields": {
    "section_code": 185,
    "section_department": 32,
    "section_course": 57,
    "section_semester": 1,
    "section_teachers": [
      16
    ]
  }
},
{
  "model": "departments.section",
  "pk": 309,
  "fields": {
    "section_code": 14,
    "section_department": 32,
    "section_course": 58,
    "section_semester": 1,
    "section_teachers": [
      8
    ]
  }
},
{
  "model": "departments.section",
  "pk": 310,
  "fields": {
    "section_code": 58,
    "section_department": 32,
    "section_course": 59,
    "section_semester": 1,
    "section_teachers": [
      17
    ]
  }
},
{
  "model": "departments.section",
  "pk": 311,
  "fields": {
    "section_code": 119,
    "section_department": 32,
    "section_course": 60,
    "section_semester": 1,
    "section_teachers": [
      9
    ]
  }
},
{
  "model": "departments.section",
  "pk": 312,
  "fields": {
    "section_code": 194,
    "section_department": 32,
    "section_course": 60,
    "section_semester": 1,
    "section_teachers": [
      10
    ]
  }
},
{
  "model": "departments.section",
  "pk": 313,
  "fields": {
    "section_code": 203,
    "section_department": 32,
    "section_course": 60,
    "section_semester": 1,
    "section_teachers": [
      14
    ]
  }
},
{
  "model": "departments.section",
  "pk": 314,
  "fields": {
    "section_code": 2,
    "section_department": 32,
    "section_course": 61,
    "section_semester": 1,
    "section_teachers": [
      9
    ]
  }
},
{
  "model": "departments.section",
  "pk": 315,
  "fields": {
    "section_code": 172,
    "section_department": 32,
    "section_course": 61,
    "section_semester": 1,
    "section_teachers": [
      9
    ]
  }
},
{
  "model": "departments.section",
  "pk": 316,
  "fields": {
    "section_code": 219,
    "section_department": 32,
    "section_course": 132,
    "section_semester": 1,
    "section_teachers": [
      12
    ]
  }
},
{
  "model": "departments.section",
  "pk": 317,
  "fields": {
    "section_code": 26,
    "section_department": 32,
    "section_course": 63,
    "section_semester": 1,
    "section_teachers": [
      10
    ]
  }
},
{
  "model": "departments.section",
  "pk": 318,
  "fields": {
    "section_code": 36,
    "section_department": 32,
    "section_course": 64,
    "section_semester": 1,
    "section_teachers": [
      17
    ]
  }
},
{
  "model": "departments.section",
  "pk": 319,
  "fields": {
    "section_code": 40,
    "section_department": 32,
    "section_course": 65,
    "section_semester": 1,
    "section_teachers": [
      11
    ]
  }
},
{
  "model": "departments.section",
  "pk": 320,
  "fields": {
    "section_code": 56,
    "section_department": 32,
    "section_course": 66,
    "section_semester": 1,
    "section_teachers": [
      11
    ]
  }
},
{
  "model": "departments.section",
  "pk": 321,
  "fields": {
    "section_code": 52,
    "section_department": 32,
    "section_course": 67,
    "section_semester": 1,
    "section_teachers": [
      8
    ]
  }
},
{
  "model": "departments.section",
  "pk": 322,
  "fields": {
    "section_code": 42,
    "section_department": 32,
    "section_course": 68,
    "section_semester": 1,
    "section_teachers": [
      8
    ]
  }
},
{
  "model": "departments.section",
  "pk": 323,
  "fields": {
    "section_code": 182,
    "section_department": 32,
    "section_course": 69,
    "section_semester": 1,
    "section_teachers": [
      12
    ]
  }
},
{
  "model": "departments.section",
  "pk": 324,
  "fields": {
    "section_code": 180,
    "section_department": 32,
    "section_course": 70,
    "section_semester": 1,
    "section_teachers": [
      17
    ]
  }
},
{
  "model": "departments.section",
  "pk": 325,
  "fields": {
    "section_code": 171,
    "section_department": 33,
    "section_course": 71,
    "section_semester": 1,
    "section_teachers": [
      15
    ]
  }
},
{
  "model": "departments.section",
  "pk": 326,
  "fields": {
    "section_code": 231,
    "section_department": 33,
    "section_course": 71,
    "section_semester": 1,
    "section_teachers": [
      15
    ]
  }
},
{
  "model": "departments.section",
  "pk": 327,
  "fields": {
    "section_code": 7,
    "section_department": 33,
    "section_course": 72,
    "section_semester": 1,
    "section_teachers": [
      15
    ]
  }
},
{
  "model": "departments.section",
  "pk": 328,
  "fields": {
    "section_code": 218,
    "section_department": 33,
    "section_course": 73,
    "section_semester": 1,
    "section_teachers": [
      15
    ]
  }
},
{
  "model": "departments.section",
  "pk": 329,
  "fields": {
    "section_code": 222,
    "section_department": 34,
    "section_course": 74,
    "section_semester": 1,
    "section_teachers": [
      18
    ]
  }
},
{
  "model": "departments.section",
  "pk": 330,
  "fields": {
    "section_code": 13,
    "section_department": 33,
    "section_course": 75,
    "section_semester": 1,
    "section_teachers": [
      17
    ]
  }
},
{
  "model": "departments.section",
  "pk": 331,
  "fields": {
    "section_code": 216,
    "section_department": 35,
    "section_course": 76,
    "section_semester": 1,
    "section_teachers": [
      17
    ]
  }
},
{
  "model": "departments.section",
  "pk": 332,
  "fields": {
    "section_code": 224,
    "section_department": 36,
    "section_course": 77,
    "section_semester": 1,
    "section_teachers": [
      18
    ]
  }
},
{
  "model": "departments.section",
  "pk": 333,
  "fields": {
    "section_code": 9,
    "section_department": 34,
    "section_course": 78,
    "section_semester": 1,
    "section_teachers": [
      18
    ]
  }
},
{
  "model": "departments.section",
  "pk": 334,
  "fields": {
    "section_code": 196,
    "section_department": 34,
    "section_course": 78,
    "section_semester": 1,
    "section_teachers": [
      18
    ]
  }
},
{
  "model": "departments.section",
  "pk": 335,
  "fields": {
    "section_code": 8,
    "section_department": 37,
    "section_course": 79,
    "section_semester": 1,
    "section_teachers": [
      20,
      19,
      22,
      21
    ]
  }
},
{
  "model": "departments.section",
  "pk": 336,
  "fields": {
    "section_code": 78,
    "section_department": 37,
    "section_course": 80,
    "section_semester": 1,
    "section_teachers": [
      23
    ]
  }
},
{
  "model": "departments.section",
  "pk": 337,
  "fields": {
    "section_code": 82,
    "section_department": 37,
    "section_course": 80,
    "section_semester": 1,
    "section_teachers": [
      20
    ]
  }
},
{
  "model": "departments.section",
  "pk": 338,
  "fields": {
    "section_code": 80,
    "section_department": 37,
    "section_course": 81,
    "section_semester": 1,
    "section_teachers": [
      24
    ]
  }
},
{
  "model": "departments.section",
  "pk": 339,
  "fields": {
    "section_code": 86,
    "section_department": 37,
    "section_course": 81,
    "section_semester": 1,
    "section_teachers": [
      19
    ]
  }
},
{
  "model": "departments.section",
  "pk": 340,
  "fields": {
    "section_code": 89,
    "section_department": 37,
    "section_course": 82,
    "section_semester": 1,
    "section_teachers": [
      25
    ]
  }
},
{
  "model": "departments.section",
  "pk": 341,
  "fields": {
    "section_code": 96,
    "section_department": 37,
    "section_course": 82,
    "section_semester": 1,
    "section_teachers": [
      25
    ]
  }
},
{
  "model": "departments.section",
  "pk": 342,
  "fields": {
    "section_code": 92,
    "section_department": 37,
    "section_course": 83,
    "section_semester": 1,
    "section_teachers": [
      26
    ]
  }
},
{
  "model": "departments.section",
  "pk": 343,
  "fields": {
    "section_code": 101,
    "section_department": 37,
    "section_course": 83,
    "section_semester": 1,
    "section_teachers": [
      27
    ]
  }
},
{
  "model": "departments.section",
  "pk": 344,
  "fields": {
    "section_code": 95,
    "section_department": 37,
    "section_course": 84,
    "section_semester": 1,
    "section_teachers": [
      26
    ]
  }
},
{
  "model": "departments.section",
  "pk": 345,
  "fields": {
    "section_code": 103,
    "section_department": 37,
    "section_course": 85,
    "section_semester": 1,
    "section_teachers": [
      27
    ]
  }
},
{
  "model": "departments.section",
  "pk": 346,
  "fields": {
    "section_code": 110,
    "section_department": 37,
    "section_course": 85,
    "section_semester": 1,
    "section_teachers": [
      26
    ]
  }
},
{
  "model": "departments.section",
  "pk": 347,
  "fields": {
    "section_code": 102,
    "section_department": 37,
    "section_course": 86,
    "section_semester": 1,
    "section_teachers": [
      19
    ]
  }
},
{
  "model": "departments.section",
  "pk": 348,
  "fields": {
    "section_code": 107,
    "section_department": 37,
    "section_course": 86,
    "section_semester": 1,
    "section_teachers": [
      27
    ]
  }
},
{
  "model": "departments.section",
  "pk": 349,
  "fields": {
    "section_code": 106,
    "section_department": 37,
    "section_course": 87,
    "section_semester": 1,
    "section_teachers": [
      20
    ]
  }
},
{
  "model": "departments.section",
  "pk": 350,
  "fields": {
    "section_code": 111,
    "section_department": 37,
    "section_course": 87,
    "section_semester": 1,
    "section_teachers": [
      19
    ]
  }
},
{
  "model": "departments.section",
  "pk": 351,
  "fields": {
    "section_code": 105,
    "section_department": 37,
    "section_course": 88,
    "section_semester": 1,
    "section_teachers": [
      25
    ]
  }
},
{
  "model": "departments.section",
  "pk": 352,
  "fields": {
    "section_code": 108,
    "section_department": 37,
    "section_course": 88,
    "section_semester": 1,
    "section_teachers": [
      19
    ]
  }
},
{
  "model": "departments.section",
  "pk": 353,
  "fields": {
    "section_code": 118,
    "section_department": 37,
    "section_course": 89,
    "section_semester": 1,
    "section_teachers": [
      20
    ]
  }
},
{
  "model": "departments.section",
  "pk": 354,
  "fields": {
    "section_code": 117,
    "section_department": 37,
    "section_course": 90,
    "section_semester": 1,
    "section_teachers": [
      25
    ]
  }
},
{
  "model": "departments.section",
  "pk": 355,
  "fields": {
    "section_code": 123,
    "section_department": 37,
    "section_course": 90,
    "section_semester": 1,
    "section_teachers": [
      27
    ]
  }
},
{
  "model": "departments.section",
  "pk": 356,
  "fields": {
    "section_code": 120,
    "section_department": 37,
    "section_course": 91,
    "section_semester": 1,
    "section_teachers": [
      28
    ]
  }
},
{
  "model": "departments.section",
  "pk": 357,
  "fields": {
    "section_code": 112,
    "section_department": 37,
    "section_course": 92,
    "section_semester": 1,
    "section_teachers": [
      28
    ]
  }
},
{
  "model": "departments.section",
  "pk": 358,
  "fields": {
    "section_code": 122,
    "section_department": 37,
    "section_course": 92,
    "section_semester": 1,
    "section_teachers": [
      28
    ]
  }
},
{
  "model": "departments.section",
  "pk": 359,
  "fields": {
    "section_code": 129,
    "section_department": 37,
    "section_course": 93,
    "section_semester": 1,
    "section_teachers": [
      29
    ]
  }
},
{
  "model": "departments.section",
  "pk": 360,
  "fields": {
    "section_code": 131,
    "section_department": 37,
    "section_course": 94,
    "section_semester": 1,
    "section_teachers": [
      27
    ]
  }
},
{
  "model": "departments.section",
  "pk": 361,
  "fields": {
    "section_code": 132,
    "section_department": 37,
    "section_course": 95,
    "section_semester": 1,
    "section_teachers": [
      20,
      30
    ]
  }
},
{
  "model": "departments.section",
  "pk": 362,
  "fields": {
    "section_code": 193,
    "section_department": 37,
    "section_course": 95,
    "section_semester": 1,
    "section_teachers": [
      20,
      30
    ]
  }
},
{
  "model": "departments.section",
  "pk": 363,
  "fields": {
    "section_code": 127,
    "section_department": 37,
    "section_course": 96,
    "section_semester": 1,
    "section_teachers": [
      29
    ]
  }
},
{
  "model": "departments.section",
  "pk": 364,
  "fields": {
    "section_code": 126,
    "section_department": 37,
    "section_course": 97,
    "section_semester": 1,
    "section_teachers": [
      29
    ]
  }
},
{
  "model": "departments.section",
  "pk": 365,
  "fields": {
    "section_code": 130,
    "section_department": 37,
    "section_course": 98,
    "section_semester": 1,
    "section_teachers": [
      19
    ]
  }
},
{
  "model": "departments.section",
  "pk": 366,
  "fields": {
    "section_code": 128,
    "section_department": 37,
    "section_course": 99,
    "section_semester": 1,
    "section_teachers": [
      23
    ]
  }
},
{
  "model": "departments.section",
  "pk": 367,
  "fields": {
    "section_code": 135,
    "section_department": 37,
    "section_course": 100,
    "section_semester": 1,
    "section_teachers": [
      23
    ]
  }
},
{
  "model": "departments.section",
  "pk": 368,
  "fields": {
    "section_code": 133,
    "section_department": 37,
    "section_course": 101,
    "section_semester": 1,
    "section_teachers": [
      31
    ]
  }
},
{
  "model": "departments.section",
  "pk": 369,
  "fields": {
    "section_code": 138,
    "section_department": 37,
    "section_course": 102,
    "section_semester": 1,
    "section_teachers": [
      23
    ]
  }
},
{
  "model": "departments.section",
  "pk": 370,
  "fields": {
    "section_code": 136,
    "section_department": 37,
    "section_course": 103,
    "section_semester": 1,
    "section_teachers": [
      29
    ]
  }
},
{
  "model": "departments.section",
  "pk": 371,
  "fields": {
    "section_code": 143,
    "section_department": 37,
    "section_course": 104,
    "section_semester": 1,
    "section_teachers": [
      29
    ]
  }
},
{
  "model": "departments.section",
  "pk": 372,
  "fields": {
    "section_code": 142,
    "section_department": 37,
    "section_course": 105,
    "section_semester": 1,
    "section_teachers": [
      20
    ]
  }
},
{
  "model": "departments.section",
  "pk": 373,
  "fields": {
    "section_code": 144,
    "section_department": 37,
    "section_course": 106,
    "section_semester": 1,
    "section_teachers": [
      28
    ]
  }
},
{
  "model": "departments.section",
  "pk": 374,
  "fields": {
    "section_code": 141,
    "section_department": 37,
    "section_course": 107,
    "section_semester": 1,
    "section_teachers": [
      23
    ]
  }
},
{
  "model": "departments.section",
  "pk": 375,
  "fields": {
    "section_code": 140,
    "section_department": 37,
    "section_course": 108,
    "section_semester": 1,
    "section_teachers": [
      23
    ]
  }
},
{
  "model": "departments.section",
  "pk": 376,
  "fields": {
    "section_code": 146,
    "section_department": 37,
    "section_course": 109,
    "section_semester": 1,
    "section_teachers": [
      21
    ]
  }
},
{
  "model": "departments.section",
  "pk": 377,
  "fields": {
    "section_code": 139,
    "section_department": 37,
    "section_course": 110,
    "section_semester": 1,
    "section_teachers": [
      31
    ]
  }
},
{
  "model": "departments.section",
  "pk": 378,
  "fields": {
    "section_code": 84,
    "section_department": 37,
    "section_course": 111,
    "section_semester": 1,
    "section_teachers": [
      24
    ]
  }
},
{
  "model": "departments.section",
  "pk": 379,
  "fields": {
    "section_code": 134,
    "section_department": 37,
    "section_course": 112,
    "section_semester": 1,
    "section_teachers": [
      21
    ]
  }
},
{
  "model": "departments.section",
  "pk": 380,
  "fields": {
    "section_code": 137,
    "section_department": 37,
    "section_course": 113,
    "section_semester": 1,
    "section_teachers": [
      28
    ]
  }
},
{
  "model": "departments.section",
  "pk": 381,
  "fields": {
    "section_code": 145,
    "section_department": 37,
    "section_course": 114,
    "section_semester": 1,
    "section_teachers": [
      31
    ]
  }
},
{
  "model": "departments.section",
  "pk": 382,
  "fields": {
    "section_code": 85,
    "section_department": 37,
    "section_course": 111,
    "section_semester": 1,
    "section_teachers": [
      21
    ]
  }
},
{
  "model": "departments.section",
  "pk": 383,
  "fields": {
    "section_code": 93,
    "section_department": 37,
    "section_course": 115,
    "section_semester": 1,
    "section_teachers": [
      21
    ]
  }
},
{
  "model": "departments.section",
  "pk": 384,
  "fields": {
    "section_code": 97,
    "section_department": 37,
    "section_course": 115,
    "section_semester": 1,
    "section_teachers": [
      24
    ]
  }
},
{
  "model": "departments.section",
  "pk": 385,
  "fields": {
    "section_code": 104,
    "section_department": 37,
    "section_course": 116,
    "section_semester": 1,
    "section_teachers": [
      21
    ]
  }
},
{
  "model": "departments.section",
  "pk": 386,
  "fields": {
    "section_code": 109,
    "section_department": 37,
    "section_course": 116,
    "section_semester": 1,
    "section_teachers": [
      21
    ]
  }
},
{
  "model": "departments.section",
  "pk": 387,
  "fields": {
    "section_code": 114,
    "section_department": 37,
    "section_course": 117,
    "section_semester": 1,
    "section_teachers": [
      26
    ]
  }
},
{
  "model": "departments.section",
  "pk": 388,
  "fields": {
    "section_code": 121,
    "section_department": 37,
    "section_course": 117,
    "section_semester": 1,
    "section_teachers": [
      26
    ]
  }
},
{
  "model": "departments.section",
  "pk": 389,
  "fields": {
    "section_code": 1,
    "section_department": 37,
    "section_course": 118,
    "section_semester": 1,
    "section_teachers": [
      32
    ]
  }
},
{
  "model": "departments.section",
  "pk": 390,
  "fields": {
    "section_code": 170,
    "section_department": 37,
    "section_course": 118,
    "section_semester": 1,
    "section_teachers": [
      22
    ]
  }
},
{
  "model": "departments.section",
  "pk": 391,
  "fields": {
    "section_code": 76,
    "section_department": 37,
    "section_course": 119,
    "section_semester": 1,
    "section_teachers": [
      24
    ]
  }
},
{
  "model": "departments.section",
  "pk": 392,
  "fields": {
    "section_code": 79,
    "section_department": 37,
    "section_course": 119,
    "section_semester": 1,
    "section_teachers": [
      32
    ]
  }
},
{
  "model": "departments.section",
  "pk": 393,
  "fields": {
    "section_code": 83,
    "section_department": 37,
    "section_course": 119,
    "section_semester": 1,
    "section_teachers": [
      24
    ]
  }
},
{
  "model": "departments.section",
  "pk": 394,
  "fields": {
    "section_code": 94,
    "section_department": 37,
    "section_course": 120,
    "section_semester": 1,
    "section_teachers": [
      25
    ]
  }
},
{
  "model": "departments.section",
  "pk": 395,
  "fields": {
    "section_code": 99,
    "section_department": 37,
    "section_course": 120,
    "section_semester": 1,
    "section_teachers": [
      24
    ]
  }
},
{
  "model": "departments.section",
  "pk": 396,
  "fields": {
    "section_code": 100,
    "section_department": 37,
    "section_course": 84,
    "section_semester": 1,
    "section_teachers": [
      25
    ]
  }
},
{
  "model": "departments.section",
  "pk": 397,
  "fields": {
    "section_code": 124,
    "section_department": 37,
    "section_course": 89,
    "section_semester": 1,
    "section_teachers": [
      19
    ]
  }
},
{
  "model": "departments.section",
  "pk": 398,
  "fields": {
    "section_code": 113,
    "section_department": 37,
    "section_course": 91,
    "section_semester": 1,
    "section_teachers": [
      26
    ]
  }
},
{
  "model": "departments.section",
  "pk": 399,
  "fields": {
    "section_code": 147,
    "section_department": 38,
    "section_course": 121,
    "section_semester": 1,
    "section_teachers": [
      33
    ]
  }
},
{
  "model": "departments.section",
  "pk": 400,
  "fields": {
    "section_code": 229,
    "section_department": 38,
    "section_course": 121,
    "section_semester": 1,
    "section_teachers": [
      33
    ]
  }
},
{
  "model": "departments.section",
  "pk": 401,
  "fields": {
    "section_code": 151,
    "section_department": 38,
    "section_course": 122,
    "section_semester": 1,
    "section_teachers": [
      33
    ]
  }
},
{
  "model": "departments.section",
  "pk": 402,
  "fields": {
    "section_code": 153,
    "section_department": 38,
    "section_course": 123,
    "section_semester": 1,
    "section_teachers": [
      34
    ]
  }
},
{
  "model": "departments.section",
  "pk": 403,
  "fields": {
    "section_code": 155,
    "section_department": 38,
    "section_course": 124,
    "section_semester": 1,
    "section_teachers": [
      34
    ]
  }
},
{
  "model": "departments.section",
  "pk": 404,
  "fields": {
    "section_code": 157,
    "section_department": 39,
    "section_course": 125,
    "section_semester": 1,
    "section_teachers": [
      35
    ]
  }
},
{
  "model": "departments.section",
  "pk": 405,
  "fields": {
    "section_code": 208,
    "section_department": 39,
    "section_course": 125,
    "section_semester": 1,
    "section_teachers": [
      36
    ]
  }
},
{
  "model": "departments.section",
  "pk": 406,
  "fields": {
    "section_code": 163,
    "section_department": 39,
    "section_course": 126,
    "section_semester": 1,
    "section_teachers": [
      36
    ]
  }
},
{
  "model": "departments.section",
  "pk": 407,
  "fields": {
    "section_code": 221,
    "section_department": 40,
    "section_course": 127,
    "section_semester": 1,
    "section_teachers": [
      37
    ]
  }
},
{
  "model": "HR.teacher",
  "pk": 8,
  "fields": {
    "teacher_name": "",
    "teacher_name_ar": "\u0639\u0628\u062f \u0627\u0644\u0639\u0632\u064a\u0632 \u0645\u062d\u0645\u062f  \u0639\u0644\u064a \u062e\u0645\u062c  \u0627\u0644\u0634\u0627\u0639\u0631\u064a  ",
    "teacher_mobile": 966502184176,
    "teacher_email": ""
  }
},
{
  "model": "HR.teacher",
  "pk": 9,
  "fields": {
    "teacher_name": "",
    "teacher_name_ar": "\u0645\u062d\u0645\u062f \u0627\u0628\u0631\u0627\u0647\u064a\u0645 \u0627\u062d\u0645\u062f \u0627\u0644\u0641\u0643\u064a ",
    "teacher_mobile": 533492097,
    "teacher_email": ""
  }
},
{
  "model": "HR.teacher",
  "pk": 10,
  "fields": {
    "teacher_name": "",
    "teacher_name_ar": "\u0634\u0645\u064a\u0645 \u0627\u0644\u062d\u0642 \u0627\u0646\u0632\u0627\u0631\u0644 \u0627\u0646\u0632\u0627\u0631\u0644 ",
    "teacher_mobile": 966503697703,
    "teacher_email": ""
  }
},
{
  "model": "HR.teacher",
  "pk": 11,
  "fields": {
    "teacher_name": "",
    "teacher_name_ar": "\u0645\u062f\u062b\u0631 \u062e\u0627\u0646 \u0645\u062d\u0645\u062f \u0627\u064a\u0648\u0628 ",
    "teacher_mobile": 966503921479,
    "teacher_email": ""
  }
},
{
  "model": "HR.teacher",
  "pk": 12,
  "fields": {
    "teacher_name": "",
    "teacher_name_ar": "\u0645\u062d\u0645\u062f \u0628\u0646 \u0635\u0627\u0644\u062d  \u0627\u0644\u0632\u0631\u0642\u0627\u0621 ",
    "teacher_mobile": 966548365934,
    "teacher_email": ""
  }
},
{
  "model": "HR.teacher",
  "pk": 13,
  "fields": {
    "teacher_name": "",
    "teacher_name_ar": "\u0642\u0627\u0633\u0645 \u0645\u062d\u0645\u062f \u0633\u0644\u064a\u0645\u0627\u0646 \u0627\u0644\u0645\u062d\u0645\u0648\u062f ",
    "teacher_mobile": 966595508517,
    "teacher_email": ""
  }
},
{
  "model": "HR.teacher",
  "pk": 14,
  "fields": {
    "teacher_name": "",
    "teacher_name_ar": "\u0645\u062d\u0645\u062f  \u0635\u0627\u062f\u0642  \u0643\u0648\u0645\u0627\u0631\u062f\u0646 . ",
    "teacher_mobile": 966536685312,
    "teacher_email": ""
  }
},
{
  "model": "HR.teacher",
  "pk": 15,
  "fields": {
    "teacher_name": "",
    "teacher_name_ar": "\u0645\u062d\u064a \u0627\u0644\u062f\u064a\u0646  \u0628\u0644\u0642\u0627\u0633\u0645 \u0628\u0646 \u0644\u062e\u0636\u0631 \u0627\u0645\u0635\u0627\u0637\u0641\u064a\u0629 ",
    "teacher_mobile": 966565506313,
    "teacher_email": ""
  }
},
{
  "model": "HR.teacher",
  "pk": 16,
  "fields": {
    "teacher_name": "",
    "teacher_name_ar": "\u0627\u064a\u0645\u0646  \u0646\u0627\u064a\u0641 \u0627\u062d\u0645\u062f \u0627\u0644\u062d\u0644\u0627\u064a\u0628\u0647 ",
    "teacher_mobile": 966597336116,
    "teacher_email": ""
  }
},
{
  "model": "HR.teacher",
  "pk": 17,
  "fields": {
    "teacher_name": "",
    "teacher_name_ar": "\u062d\u0633\u064a\u0646  \u0639\u0628\u0627\u0633 \u0645\u062d\u0645\u062f \u0627\u062d\u0645\u062f \u0627\u0644\u0628\u0644\u0629  ",
    "teacher_mobile": 966559630598,
    "teacher_email": ""
  }
},
{
  "model": "HR.teacher",
  "pk": 18,
  "fields": {
    "teacher_name": "",
    "teacher_name_ar": "\u0627\u062d\u0645\u062f \u0633\u0639\u064a\u062f \u0627\u062d\u0645\u062f \u0639\u0628\u062f\u0627\u0644\u0644\u0647 ",
    "teacher_mobile": 557470899,
    "teacher_email": ""
  }
},
{
  "model": "HR.teacher",
  "pk": 19,
  "fields": {
    "teacher_name": "",
    "teacher_name_ar": "\u0639\u0628\u0627\u0644\u0644\u0647 \u0627\u0644\u0645\u0623\u0645\u0648\u0646 \u0628\u0647\u0648\u064a\u0646\u0627 ",
    "teacher_mobile": 966502623243,
    "teacher_email": ""
  }
},
{
  "model": "HR.teacher",
  "pk": 20,
  "fields": {
    "teacher_name": "",
    "teacher_name_ar": "\u0627\u0633\u0627\u0645\u0647 \u062e\u0627\u0644\u062f \u0645\u062d\u0645\u062f \u0646\u0632\u0631\u0648\u0644 ",
    "teacher_mobile": 966557849619,
    "teacher_email": ""
  }
},
{
  "model": "HR.teacher",
  "pk": 21,
  "fields": {
    "teacher_name": "",
    "teacher_name_ar": "\u0645\u062d\u0645\u062f \u0631\u064a\u0627\u0636 \u0627\u0644\u0623\u0633\u0644\u0627\u0645 00 ",
    "teacher_mobile": 966536939878,
    "teacher_email": ""
  }
},
{
  "model": "HR.teacher",
  "pk": 22,
  "fields": {
    "teacher_name": "",
    "teacher_name_ar": "\u0645\u0624\u064a\u062f \u0645\u062d\u0645\u062f \u0639\u0644\u064a \u0627\u0644\u0628\u0627\u0631\u064a ",
    "teacher_mobile": 530364048,
    "teacher_email": ""
  }
},
{
  "model": "HR.teacher",
  "pk": 23,
  "fields": {
    "teacher_name": "",
    "teacher_name_ar": "\u0627\u0644\u0635\u0627\u062f\u0642 \u062d\u0633\u064a\u0646 \u0641\u0636\u0644 \u0627\u0644\u0644\u0647 \u0639\u0644\u064a ",
    "teacher_mobile": 530889389,
    "teacher_email": ""
  }
},
{
  "model": "HR.teacher",
  "pk": 24,
  "fields": {
    "teacher_name": "",
    "teacher_name_ar": "\u0639\u0628\u062f\u0627\u0644\u0631\u062d\u0645\u0646 \u0628\u0646 \u0645\u0641\u0631\u062d \u0628\u0646 \u0645\u062d\u0645\u062f \u0627\u0644\u062c\u0647\u0628\u0644\u064a \u0627\u0644\u0632\u0647\u0631\u0627\u0646\u064a ",
    "teacher_mobile": 537400662,
    "teacher_email": ""
  }
},
{
  "model": "HR.teacher",
  "pk": 25,
  "fields": {
    "teacher_name": "",
    "teacher_name_ar": "\u064a\u0627\u0633\u0631 \u0639\u0628\u062f\u0627\u0644\u0644\u0647 \u0645\u062d\u0645\u062f \u0627\u062d\u0645\u062f ",
    "teacher_mobile": 966550264159,
    "teacher_email": ""
  }
},
{
  "model": "HR.teacher",
  "pk": 26,
  "fields": {
    "teacher_name": "",
    "teacher_name_ar": "\u0647\u0627\u0646\u064a \u0646\u064a\u0627\u0632\u064a \u0645\u062d\u0645\u062f \u0639\u0627\u0645\u0631 ",
    "teacher_mobile": 966501144377,
    "teacher_email": ""
  }
},
{
  "model": "HR.teacher",
  "pk": 27,
  "fields": {
    "teacher_name": "",
    "teacher_name_ar": "\u0641\u0648\u0632\u064a \u0627\u0644\u0637\u064a\u0628 \u064a\u0648\u0633\u0641 \u0627\u062d\u0645\u062f ",
    "teacher_mobile": 966549025901,
    "teacher_email": ""
  }
},
{
  "model": "HR.teacher",
  "pk": 28,
  "fields": {
    "teacher_name": "",
    "teacher_name_ar": "\u0645\u0635\u062f\u0642 \u0639\u0628\u062f\u0627\u0644\u0631\u062d\u0645\u0646 \u0628\u0631\u0645\u064a\u0646 \u0643\u0648\u062a ",
    "teacher_mobile": 501290316,
    "teacher_email": ""
  }
},
{
  "model": "HR.teacher",
  "pk": 29,
  "fields": {
    "teacher_name": "",
    "teacher_name_ar": "\u0645\u062d\u0645\u062f \u0627\u0644\u0635\u0627\u0648\u064a \u0627\u0644\u0635\u0627\u0641\u064a \u0625\u0628\u0631\u0627\u0647\u064a\u0645 ",
    "teacher_mobile": 502043756,
    "teacher_email": ""
  }
},
{
  "model": "HR.teacher",
  "pk": 30,
  "fields": {
    "teacher_name": "",
    "teacher_name_ar": "\u0639\u0628\u062f \u0627\u0644\u0639\u0632\u064a\u0632 \u0627\u0628\u0631\u0627\u0647\u064a\u0645 \u064a\u0648\u0633\u0641 \u0627\u0644\u0641\u0642\u064a\u0647 ",
    "teacher_mobile": 966507737009,
    "teacher_email": ""
  }
},
{
  "model": "HR.teacher",
  "pk": 31,
  "fields": {
    "teacher_name": "",
    "teacher_name_ar": "\u0648\u0627\u0635\u0644 \u062d\u0633\u0646 \u0645\u062d\u0645\u062f \u0627\u0644\u0639\u0627\u0642\u0628 ",
    "teacher_mobile": 966549800650,
    "teacher_email": ""
  }
},
{
  "model": "HR.teacher",
  "pk": 32,
  "fields": {
    "teacher_name": "",
    "teacher_name_ar": "\u0635\u0628\u0627\u062d\u064a \u0639\u0628\u062f\u0627\u0644\u0642\u0627\u062f\u0631 \u0627\u0644\u0627\u0645\u0627\u0645 \u0627\u062d\u0645\u062f ",
    "teacher_mobile": 501345644,
    "teacher_email": ""
  }
},
{
  "model": "HR.teacher",
  "pk": 33,
  "fields": {
    "teacher_name": "",
    "teacher_name_ar": "\u0639\u0628\u062f\u0627\u0644\u0645\u0646\u0639\u0645 \u062d\u0633\u0646 \u0645\u062d\u0645\u062f \u0645\u0633\u0627\u0639\u062f ",
    "teacher_mobile": 966552330513,
    "teacher_email": ""
  }
},
{
  "model": "HR.teacher",
  "pk": 34,
  "fields": {
    "teacher_name": "",
    "teacher_name_ar": "\u0647\u064a\u062b\u0645 \u0627\u0644\u0637\u064a\u0628  \u0627\u0644\u0648\u0633\u064a\u0644\u0629  \u0627\u0644\u0637\u064a\u0628  ",
    "teacher_mobile": 966557474355,
    "teacher_email": ""
  }
},
{
  "model": "HR.teacher",
  "pk": 35,
  "fields": {
    "teacher_name": "",
    "teacher_name_ar": "\u0639\u0644\u064a \u0639\u0627\u0645\u0631  \u0639\u0644\u064a \u0627\u0644 \u0632\u0627\u0647\u0631   \u0627\u0644\u0634\u0647\u0631\u064a  ",
    "teacher_mobile": 966503060781,
    "teacher_email": ""
  }
},
{
  "model": "HR.teacher",
  "pk": 36,
  "fields": {
    "teacher_name": "",
    "teacher_name_ar": "\u0647\u064a\u062b\u0645 \u0628\u0634\u064a\u0631 \u0627\u0644\u0635\u062f\u064a\u0642  \u0627\u0628\u0631\u0627\u0647\u064a\u0645 ",
    "teacher_mobile": 966558589757,
    "teacher_email": ""
  }
},
{
  "model": "HR.teacher",
  "pk": 37,
  "fields": {
    "teacher_name": "",
    "teacher_name_ar": "\u0639\u0644\u064a   \u0639\u0628\u062f \u0627\u0644\u0644\u0647   \u0639\u0644\u064a   \u0627\u0644\u0634\u0647\u0631\u064a  ",
    "teacher_mobile": 966530999688,
    "teacher_email": ""
  }
},
{
  "model": "courses.speciality",
  "pk": 11,
  "fields": {
    "speciality_name": "Information Systems",
    "speciality_name_ar": "\u0646\u0638\u0645 \u0627\u0644\u0645\u0639\u0644\u0648\u0645\u0627\u062a"
  }
},
{
  "model": "courses.speciality",
  "pk": 12,
  "fields": {
    "speciality_name": "Computer Science",
    "speciality_name_ar": "\u0639\u0644\u0648\u0645 \u0627\u0644\u062d\u0627\u0633\u0628"
  }
},
{
  "model": "courses.speciality",
  "pk": 13,
  "fields": {
    "speciality_name": "Mathematics",
    "speciality_name_ar": "\u0627\u0644\u0631\u064a\u0627\u0636\u064a\u0627\u062a"
  }
},
{
  "model": "courses.speciality",
  "pk": 14,
  "fields": {
    "speciality_name": "Physics",
    "speciality_name_ar": "\u0627\u0644\u0641\u064a\u0632\u064a\u0627\u0621"
  }
},
{
  "model": "courses.speciality",
  "pk": 15,
  "fields": {
    "speciality_name": "Biology",
    "speciality_name_ar": "\u0627\u0644\u0623\u062d\u064a\u0627\u0621"
  }
},
{
  "model": "courses.speciality",
  "pk": 16,
  "fields": {
    "speciality_name": "Chemistry",
    "speciality_name_ar": "\u0627\u0644\u0643\u064a\u0645\u064a\u0627\u0621"
  }
},
{
  "model": "courses.speciality",
  "pk": 17,
  "fields": {
    "speciality_name": "English Language",
    "speciality_name_ar": "\u0627\u0644\u0644\u063a\u0629 \u0627\u0644\u0625\u0646\u062c\u0644\u064a\u0632\u064a\u0629"
  }
},
{
  "model": "courses.speciality",
  "pk": 18,
  "fields": {
    "speciality_name": "Jurisprudence",
    "speciality_name_ar": "\u0627\u0644\u0641\u0642\u0647"
  }
},
{
  "model": "courses.speciality",
  "pk": 19,
  "fields": {
    "speciality_name": "Arabic language and its literature",
    "speciality_name_ar": "\u0627\u0644\u0644\u063a\u0629 \u0627\u0644\u0639\u0631\u0628\u064a\u0629 \u0648\u0622\u062f\u0627\u0628\u0647\u0627"
  }
},
{
  "model": "courses.speciality",
  "pk": 20,
  "fields": {
    "speciality_name": "Business Administration",
    "speciality_name_ar": "\u0625\u062f\u0627\u0631\u0629 \u0623\u0639\u0645\u0627\u0644"
  }
},
{
  "model": "courses.academiclevel",
  "pk": 1,
  "fields": {
    "academic_level_name": "L1"
  }
},
{
  "model": "courses.academiclevel",
  "pk": 2,
  "fields": {
    "academic_level_name": "L2"
  }
},
{
  "model": "courses.academiclevel",
  "pk": 3,
  "fields": {
    "academic_level_name": "L3"
  }
},
{
  "model": "courses.academiclevel",
  "pk": 4,
  "fields": {
    "academic_level_name": "L4"
  }
},
{
  "model": "courses.academiclevel",
  "pk": 5,
  "fields": {
    "academic_level_name": "L5"
  }
},
{
  "model": "courses.academiclevel",
  "pk": 6,
  "fields": {
    "academic_level_name": "L6"
  }
},
{
  "model": "courses.academiclevel",
  "pk": 7,
  "fields": {
    "academic_level_name": "L7"
  }
},
{
  "model": "courses.academiclevel",
  "pk": 8,
  "fields": {
    "academic_level_name": "L8"
  }
},
{
  "model": "courses.academiclevel",
  "pk": 9,
  "fields": {
    "academic_level_name": "L9"
  }
},
{
  "model": "courses.academiclevel",
  "pk": 10,
  "fields": {
    "academic_level_name": "L10"
  }
},
{
  "model": "courses.course",
  "pk": 32,
  "fields": {
    "course_code": "121---\u0646\u0627\u0644-3",
    "course_name": "Introduction to Information Systems",
    "course_name_ar": "\u0645\u062f\u062e\u0644 \u0627\u0644\u0649 \u0646\u0638\u0645 \u0627\u0644\u0645\u0639\u0644\u0648\u0645\u0627\u062a",
    "course_theory_load": 0,
    "course_lab_load": 0,
    "course_tutorial_load": 0,
    "speciality": 11,
    "academic_level": 1
  }
},
{
  "model": "courses.course",
  "pk": 33,
  "fields": {
    "course_code": "222---\u0646\u0627\u0644-4",
    "course_name": "Database management systems",
    "course_name_ar": "\u0646\u0638\u0645 \u0625\u062f\u0627\u0631\u0629  \u0642\u0648\u0627\u0639\u062f \u0627\u0644\u0628\u064a\u0627\u0646\u0627\u062a",
    "course_theory_load": 0,
    "course_lab_load": 0,
    "course_tutorial_load": 0,
    "speciality": 11,
    "academic_level": 1
  }
},
{
  "model": "courses.course",
  "pk": 34,
  "fields": {
    "course_code": "223---\u0646\u0627\u0644-3",
    "course_name": "Data Warehousing & Data Mining",
    "course_name_ar": "\u0645\u062e\u0627\u0632\u0646 \u0648\u0645\u0646\u0627\u062c\u0645 \u0627\u0644\u0628\u064a\u0627\u0646\u0627\u062a",
    "course_theory_load": 0,
    "course_lab_load": 0,
    "course_tutorial_load": 0,
    "speciality": 11,
    "academic_level": 1
  }
},
{
  "model": "courses.course",
  "pk": 35,
  "fields": {
    "course_code": "362---\u0646\u0627\u0644-3",
    "course_name": "Internet Technologies",
    "course_name_ar": "\u062a\u0642\u0646\u064a\u0627\u062a \u0627\u0644\u0627\u0646\u062a\u0631\u0646\u062a",
    "course_theory_load": 0,
    "course_lab_load": 0,
    "course_tutorial_load": 0,
    "speciality": 11,
    "academic_level": 1
  }
},
{
  "model": "courses.course",
  "pk": 36,
  "fields": {
    "course_code": "473---\u0646\u0627\u0644-2",
    "course_name": "Computing Ethics & Society",
    "course_name_ar": "\u0623\u062e\u0644\u0627\u0642\u064a\u0627\u062a \u0627\u0644\u062d\u0648\u0633\u0628\u0629 \u0648\u0627\u0644\u0645\u062c\u062a\u0645\u0639",
    "course_theory_load": 0,
    "course_lab_load": 0,
    "course_tutorial_load": 0,
    "speciality": 11,
    "academic_level": 1
  }
},
{
  "model": "courses.course",
  "pk": 37,
  "fields": {
    "course_code": "012---\u0639\u0627\u0644-3",
    "course_name": "Computer programming - 1",
    "course_name_ar": "\u0628\u0631\u0645\u062c\u0629 \u062d\u0627\u0633\u0628 - 1",
    "course_theory_load": 0,
    "course_lab_load": 0,
    "course_tutorial_load": 0,
    "speciality": 12,
    "academic_level": 1
  }
},
{
  "model": "courses.course",
  "pk": 38,
  "fields": {
    "course_code": "113---\u0639\u0627\u0644-4",
    "course_name": "Computer programming  - 2",
    "course_name_ar": "\u0628\u0631\u0645\u062c\u0629 \u062d\u0627\u0633\u0628  -2-",
    "course_theory_load": 0,
    "course_lab_load": 0,
    "course_tutorial_load": 0,
    "speciality": 12,
    "academic_level": 1
  }
},
{
  "model": "courses.course",
  "pk": 39,
  "fields": {
    "course_code": "115---\u0639\u0627\u0644-3",
    "course_name": "Algorithms and data structures -1",
    "course_name_ar": "\u062e\u0648\u0627\u0631\u0632\u0645\u064a\u0627\u062a \u0648\u0647\u064a\u0627\u0643\u0644  \u0628\u064a\u0627\u0646\u0627\u062a -1-",
    "course_theory_load": 0,
    "course_lab_load": 0,
    "course_tutorial_load": 0,
    "speciality": 12,
    "academic_level": 1
  }
},
{
  "model": "courses.course",
  "pk": 40,
  "fields": {
    "course_code": "131---\u0639\u0627\u0644-3",
    "course_name": "Computational Engineering",
    "course_name_ar": "\u0627\u0644\u0647\u0646\u062f\u0633\u0647 \u0627\u0644\u062d\u0633\u0627\u0628\u064a\u0629",
    "course_theory_load": 0,
    "course_lab_load": 0,
    "course_tutorial_load": 0,
    "speciality": 12,
    "academic_level": 1
  }
},
{
  "model": "courses.course",
  "pk": 41,
  "fields": {
    "course_code": "216---\u0639\u0627\u0644-3",
    "course_name": "Algorithms and data structures -2",
    "course_name_ar": "\u062e\u0648\u0627\u0631\u0632\u0645\u064a\u0627\u062a \u0648\u0647\u064a\u0627\u0643\u0644 \u0628\u064a\u0627\u0646\u0627\u062a -2-",
    "course_theory_load": 0,
    "course_lab_load": 0,
    "course_tutorial_load": 0,
    "speciality": 12,
    "academic_level": 1
  }
},
{
  "model": "courses.course",
  "pk": 42,
  "fields": {
    "course_code": "217---\u0639\u0627\u0644-3",
    "course_name": "Statistical Programming",
    "course_name_ar": "\u0627\u0644\u0628\u0631\u0645\u062c\u0629 \u0627\u0644\u0627\u062d\u0635\u0627\u0626\u064a\u0629",
    "course_theory_load": 0,
    "course_lab_load": 0,
    "course_tutorial_load": 0,
    "speciality": 12,
    "academic_level": 1
  }
},
{
  "model": "courses.course",
  "pk": 43,
  "fields": {
    "course_code": "234---\u0639\u0627\u0644-3",
    "course_name": "Computer vision",
    "course_name_ar": "\u0627\u0644\u0631\u0624\u064a\u0629 \u0628\u0627\u0644\u062d\u0627\u0633\u0628",
    "course_theory_load": 0,
    "course_lab_load": 0,
    "course_tutorial_load": 0,
    "speciality": 12,
    "academic_level": 1
  }
},
{
  "model": "courses.course",
  "pk": 44,
  "fields": {
    "course_code": "241---\u0639\u0627\u0644-4",
    "course_name": "Digital Logic",
    "course_name_ar": "\u0627\u0644\u0645\u0646\u0637\u0642 \u0627\u0644\u0631\u0642\u0645\u064a",
    "course_theory_load": 0,
    "course_lab_load": 0,
    "course_tutorial_load": 0,
    "speciality": 12,
    "academic_level": 1
  }
},
{
  "model": "courses.course",
  "pk": 45,
  "fields": {
    "course_code": "278---\u0639\u0627\u0644-3",
    "course_name": "Programming Languages",
    "course_name_ar": "\u0644\u063a\u0627\u062a \u0627\u0644\u0628\u0631\u0645\u062c\u0629",
    "course_theory_load": 0,
    "course_lab_load": 0,
    "course_tutorial_load": 0,
    "speciality": 12,
    "academic_level": 1
  }
},
{
  "model": "courses.course",
  "pk": 46,
  "fields": {
    "course_code": "334---\u0639\u0627\u0644-3",
    "course_name": "Computer graphic",
    "course_name_ar": "\u0627\u0644\u0631\u0633\u0645 \u0628\u0627\u0644\u062d\u0627\u0633\u0628",
    "course_theory_load": 0,
    "course_lab_load": 0,
    "course_tutorial_load": 0,
    "speciality": 12,
    "academic_level": 1
  }
},
{
  "model": "courses.course",
  "pk": 47,
  "fields": {
    "course_code": "337---\u0639\u0627\u0644-3",
    "course_name": "Discrete Structures",
    "course_name_ar": "\u0627\u0644\u062a\u0631\u0627\u0643\u064a\u0628 \u0627\u0644\u0645\u062d\u062f\u062f\u0647",
    "course_theory_load": 0,
    "course_lab_load": 0,
    "course_tutorial_load": 0,
    "speciality": 12,
    "academic_level": 1
  }
},
{
  "model": "courses.course",
  "pk": 48,
  "fields": {
    "course_code": "343---\u0639\u0627\u0644-3",
    "course_name": "Microprocessors and assembly language",
    "course_name_ar": "\u0627\u0644\u0645\u0639\u0627\u0644\u062c\u0627\u062a \u0627\u0644\u0635\u063a\u064a\u0631\u0629 \u0648\u0644\u063a\u0629 \u0627\u0644\u062a\u062c\u0645\u064a\u0639",
    "course_theory_load": 0,
    "course_lab_load": 0,
    "course_tutorial_load": 0,
    "speciality": 12,
    "academic_level": 1
  }
},
{
  "model": "courses.course",
  "pk": 49,
  "fields": {
    "course_code": "345---\u0639\u0627\u0644-3",
    "course_name": "Interpreters",
    "course_name_ar": "\u0627\u0644\u0645\u062a\u0631\u062c\u0645\u0627\u062a",
    "course_theory_load": 0,
    "course_lab_load": 0,
    "course_tutorial_load": 0,
    "speciality": 12,
    "academic_level": 1
  }
},
{
  "model": "courses.course",
  "pk": 50,
  "fields": {
    "course_code": "364---\u0639\u0627\u0644-4",
    "course_name": "Computer Networks - 1",
    "course_name_ar": "\u0634\u0628\u0643\u0627\u062a \u0627\u0644\u062d\u0627\u0633\u0628 - 1",
    "course_theory_load": 0,
    "course_lab_load": 0,
    "course_tutorial_load": 0,
    "speciality": 12,
    "academic_level": 1
  }
},
{
  "model": "courses.course",
  "pk": 52,
  "fields": {
    "course_code": "472---\u0639\u0627\u0644-3",
    "course_name": "Software Projects Management",
    "course_name_ar": "\u0627\u062f\u0627\u0631\u0629 \u0645\u0634\u0631\u0648\u0639\u0627\u062a \u0627\u0644\u0628\u0631\u0645\u062c\u064a\u0627\u062a",
    "course_theory_load": 0,
    "course_lab_load": 0,
    "course_tutorial_load": 0,
    "speciality": 12,
    "academic_level": 1
  }
},
{
  "model": "courses.course",
  "pk": 53,
  "fields": {
    "course_code": "473---\u0639\u0627\u0644-3",
    "course_name": "Software Engineering -2-",
    "course_name_ar": "\u0647\u0646\u062f\u0633\u0629 \u0627\u0644\u0628\u0631\u0645\u062c\u064a\u0627\u062a -2-",
    "course_theory_load": 0,
    "course_lab_load": 0,
    "course_tutorial_load": 0,
    "speciality": 12,
    "academic_level": 1
  }
},
{
  "model": "courses.course",
  "pk": 54,
  "fields": {
    "course_code": "474---\u0639\u0627\u0644-3",
    "course_name": "Design and analysis of algorithms",
    "course_name_ar": "\u062a\u0635\u0645\u064a\u0645 \u0648\u062a\u062d\u0644\u064a\u0644 \u062e\u0648\u0627\u0631\u0632\u0645\u064a\u0627\u062a",
    "course_theory_load": 0,
    "course_lab_load": 0,
    "course_tutorial_load": 0,
    "speciality": 12,
    "academic_level": 1
  }
},
{
  "model": "courses.course",
  "pk": 55,
  "fields": {
    "course_code": "481---\u0639\u0627\u0644-1",
    "course_name": "A seminar",
    "course_name_ar": "\u0646\u062f\u0648\u0647",
    "course_theory_load": 0,
    "course_lab_load": 0,
    "course_tutorial_load": 0,
    "speciality": 12,
    "academic_level": 1
  }
},
{
  "model": "courses.course",
  "pk": 56,
  "fields": {
    "course_code": "483---\u0639\u0627\u0644-2",
    "course_name": "Project - 1",
    "course_name_ar": "\u0645\u0634\u0631\u0648\u0639   -  1",
    "course_theory_load": 0,
    "course_lab_load": 0,
    "course_tutorial_load": 0,
    "speciality": 12,
    "academic_level": 1
  }
},
{
  "model": "courses.course",
  "pk": 57,
  "fields": {
    "course_code": "484---\u0639\u0627\u0644-3",
    "course_name": "Project - 2",
    "course_name_ar": "\u0645\u0634\u0631\u0648\u0639   -  2",
    "course_theory_load": 0,
    "course_lab_load": 0,
    "course_tutorial_load": 0,
    "speciality": 12,
    "academic_level": 1
  }
},
{
  "model": "courses.course",
  "pk": 58,
  "fields": {
    "course_code": "114---\u0639\u0627\u0644-4",
    "course_name": "Object oriented programming",
    "course_name_ar": "\u0627\u0644\u0628\u0631\u0645\u062c\u0629 \u0627\u0644\u063a\u0631\u0636\u064a\u0629 \u0627\u0644\u0645\u0648\u062c\u0647\u0629",
    "course_theory_load": 0,
    "course_lab_load": 0,
    "course_tutorial_load": 0,
    "speciality": 12,
    "academic_level": 1
  }
},
{
  "model": "courses.course",
  "pk": 59,
  "fields": {
    "course_code": "344---\u0639\u0627\u0644-3",
    "course_name": "Organization of computers",
    "course_name_ar": "\u062a\u0646\u0638\u064a\u0645 \u0627\u0644\u062d\u0627\u0633\u0628\u0627\u062a",
    "course_theory_load": 0,
    "course_lab_load": 0,
    "course_tutorial_load": 0,
    "speciality": 12,
    "academic_level": 1
  }
},
{
  "model": "courses.course",
  "pk": 60,
  "fields": {
    "course_code": "101---\u062d\u0627\u0644\u062c-2",
    "course_name": "Computer",
    "course_name_ar": "\u062d\u0627\u0633\u0628 \u0622\u0644\u064a",
    "course_theory_load": 0,
    "course_lab_load": 0,
    "course_tutorial_load": 0,
    "speciality": 12,
    "academic_level": 1
  }
},
{
  "model": "courses.course",
  "pk": 61,
  "fields": {
    "course_code": "011---\u0639\u0627\u0644-3",
    "course_name": "Introduction to the computer",
    "course_name_ar": "\u0645\u062f\u062e\u0644 \u0627\u0644\u0649 \u0627\u0644\u062d\u0627\u0633\u0628",
    "course_theory_load": 0,
    "course_lab_load": 0,
    "course_tutorial_load": 0,
    "speciality": 12,
    "academic_level": 1
  }
},
{
  "model": "courses.course",
  "pk": 63,
  "fields": {
    "course_code": "233---\u0639\u0627\u0644-3",
    "course_name": "Model and simulation",
    "course_name_ar": "\u0646\u0645\u0630\u062c\u0647 \u0648\u0645\u062d\u0627\u0643\u0627\u0629",
    "course_theory_load": 0,
    "course_lab_load": 0,
    "course_tutorial_load": 0,
    "speciality": 12,
    "academic_level": 1
  }
},
{
  "model": "courses.course",
  "pk": 64,
  "fields": {
    "course_code": "236---\u0639\u0627\u0644-3",
    "course_name": "Combinatorial Analysis of Comp.",
    "course_name_ar": "\u0627\u0644\u062a\u062d\u0644\u064a\u0644 \u0627\u0644\u062a\u0648\u0627\u0641\u0642\u064a \u0644\u0644\u062d\u0627\u0633\u0628",
    "course_theory_load": 0,
    "course_lab_load": 0,
    "course_tutorial_load": 0,
    "speciality": 12,
    "academic_level": 1
  }
},
{
  "model": "courses.course",
  "pk": 65,
  "fields": {
    "course_code": "251---\u0639\u0627\u0644-3",
    "course_name": "Operating systems - 1",
    "course_name_ar": "\u0646\u0638\u0645 \u062a\u0634\u063a\u064a\u0644 - 1",
    "course_theory_load": 0,
    "course_lab_load": 0,
    "course_tutorial_load": 0,
    "speciality": 12,
    "academic_level": 1
  }
},
{
  "model": "courses.course",
  "pk": 66,
  "fields": {
    "course_code": "352---\u0639\u0627\u0644-3",
    "course_name": "Operating systems - 2",
    "course_name_ar": "\u0646\u0638\u0645 \u062a\u0634\u063a\u064a\u0644 - 2",
    "course_theory_load": 0,
    "course_lab_load": 0,
    "course_tutorial_load": 0,
    "speciality": 12,
    "academic_level": 1
  }
},
{
  "model": "courses.course",
  "pk": 67,
  "fields": {
    "course_code": "371---\u0639\u0627\u0644-3",
    "course_name": "Software Engineering -1-",
    "course_name_ar": "\u0647\u0646\u062f\u0633\u0629 \u0627\u0644\u0628\u0631\u0645\u062c\u064a\u0627\u062a -1-",
    "course_theory_load": 0,
    "course_lab_load": 0,
    "course_tutorial_load": 0,
    "speciality": 12,
    "academic_level": 1
  }
},
{
  "model": "courses.course",
  "pk": 68,
  "fields": {
    "course_code": "375---\u0639\u0627\u0644-3",
    "course_name": "Artificial intelligence",
    "course_name_ar": "\u0627\u0644\u0630\u0643\u0627\u0621 \u0627\u0644\u0627\u0635\u0637\u0646\u0627\u0639\u064a",
    "course_theory_load": 0,
    "course_lab_load": 0,
    "course_tutorial_load": 0,
    "speciality": 12,
    "academic_level": 1
  }
},
{
  "model": "courses.course",
  "pk": 69,
  "fields": {
    "course_code": "476---\u0639\u0627\u0644-3",
    "course_name": "Knowledge Engineering and Expert Systems",
    "course_name_ar": "\u0647\u0646\u062f\u0633\u0629 \u0627\u0644\u0645\u0639\u0631\u0641\u0629 \u0648\u0627\u0644\u0646\u0638\u0645 \u0627\u0644\u062e\u0628\u064a\u0631\u0629",
    "course_theory_load": 0,
    "course_lab_load": 0,
    "course_tutorial_load": 0,
    "speciality": 12,
    "academic_level": 1
  }
},
{
  "model": "courses.course",
  "pk": 70,
  "fields": {
    "course_code": "482---\u0639\u0627\u0644-3",
    "course_name": "Selected topics",
    "course_name_ar": "\u0645\u0648\u0627\u0636\u064a\u0639 \u0645\u062e\u062a\u0627\u0631\u0629",
    "course_theory_load": 0,
    "course_lab_load": 0,
    "course_tutorial_load": 0,
    "speciality": 12,
    "academic_level": 1
  }
},
{
  "model": "courses.course",
  "pk": 71,
  "fields": {
    "course_code": "001---\u0631\u064a\u0636-3",
    "course_name": "Mathematics-1",
    "course_name_ar": "\u0631\u064a\u0627\u0636\u064a\u0627\u062a -1-",
    "course_theory_load": 0,
    "course_lab_load": 0,
    "course_tutorial_load": 0,
    "speciality": 13,
    "academic_level": 1
  }
},
{
  "model": "courses.course",
  "pk": 72,
  "fields": {
    "course_code": "012---\u0631\u064a\u0636-3",
    "course_name": "Algebra matrices",
    "course_name_ar": "\u062c\u0628\u0631 \u0627\u0644\u0645\u0635\u0641\u0648\u0641\u0627\u062a",
    "course_theory_load": 0,
    "course_lab_load": 0,
    "course_tutorial_load": 0,
    "speciality": 13,
    "academic_level": 1
  }
},
{
  "model": "courses.course",
  "pk": 73,
  "fields": {
    "course_code": "101---\u0631\u064a\u0636-3",
    "course_name": "Calculus 1",
    "course_name_ar": "\u062d\u0633\u0627\u0628 \u0627\u0644\u062a\u0641\u0627\u0636\u0644 \u0648\u0627\u0644\u062a\u0643\u0627\u0645\u0644  1",
    "course_theory_load": 0,
    "course_lab_load": 0,
    "course_tutorial_load": 0,
    "speciality": 13,
    "academic_level": 1
  }
},
{
  "model": "courses.course",
  "pk": 74,
  "fields": {
    "course_code": "101---\u0641\u064a\u0632-4",
    "course_name": "Introduction to Physics",
    "course_name_ar": "\u0645\u0642\u062f\u0645\u0629 \u0641\u064a \u0639\u0644\u0645 \u0627\u0644\u0641\u064a\u0632\u064a\u0627\u0621",
    "course_theory_load": 0,
    "course_lab_load": 0,
    "course_tutorial_load": 0,
    "speciality": 14,
    "academic_level": 1
  }
},
{
  "model": "courses.course",
  "pk": 75,
  "fields": {
    "course_code": "113---\u0631\u064a\u0636-3",
    "course_name": "Difference and completeness",
    "course_name_ar": "\u062a\u0641\u0627\u0636\u0644 \u0648\u062a\u0643\u0627\u0645\u0644",
    "course_theory_load": 0,
    "course_lab_load": 0,
    "course_tutorial_load": 0,
    "speciality": 13,
    "academic_level": 1
  }
},
{
  "model": "courses.course",
  "pk": 76,
  "fields": {
    "course_code": "101---\u062d\u064a\u0627-4",
    "course_name": "General revival",
    "course_name_ar": "\u0627\u062d\u064a\u0627\u0621 \u0639\u0627\u0645\u0629",
    "course_theory_load": 0,
    "course_lab_load": 0,
    "course_tutorial_load": 0,
    "speciality": 15,
    "academic_level": 1
  }
},
{
  "model": "courses.course",
  "pk": 77,
  "fields": {
    "course_code": "101---\u0643\u064a\u0645-4",
    "course_name": "General Chemistry - 1",
    "course_name_ar": "\u0627\u0644\u0643\u064a\u0645\u064a\u0627\u0621 \u0627\u0644\u0639\u0627\u0645\u0629  1",
    "course_theory_load": 0,
    "course_lab_load": 0,
    "course_tutorial_load": 0,
    "speciality": 16,
    "academic_level": 1
  }
},
{
  "model": "courses.course",
  "pk": 78,
  "fields": {
    "course_code": "104---\u0641\u064a\u0632-4",
    "course_name": "Principles of Physics",
    "course_name_ar": "\u0645\u0628\u0627\u062f\u064a\u0621 \u0639\u0644\u0645 \u0627\u0644\u0641\u064a\u0632\u064a\u0627\u0621",
    "course_theory_load": 0,
    "course_lab_load": 0,
    "course_tutorial_load": 0,
    "speciality": 14,
    "academic_level": 1
  }
},
{
  "model": "courses.course",
  "pk": 79,
  "fields": {
    "course_code": "012---\u0646\u062c\u0644-6",
    "course_name": "Intensive English Program - 2",
    "course_name_ar": "\u0628\u0631\u0646\u0627\u0645\u062c \u0627\u0644\u0644\u063a\u0629 \u0627\u0644\u0627\u0646\u062c\u0644\u064a\u0632\u064a\u0629 \u0627\u0644\u0645\u0643\u062b\u0641 -2",
    "course_theory_load": 0,
    "course_lab_load": 0,
    "course_tutorial_load": 0,
    "speciality": 17,
    "academic_level": 1
  }
},
{
  "model": "courses.course",
  "pk": 80,
  "fields": {
    "course_code": "111---\u0625\u0646\u062c-3",
    "course_name": "Reading and comprehension - 1",
    "course_name_ar": "\u0627\u0644\u0642\u0631\u0627\u0621\u0629 \u0648\u0627\u0644\u0627\u0633\u062a\u064a\u0639\u0627\u0628 - 1",
    "course_theory_load": 0,
    "course_lab_load": 0,
    "course_tutorial_load": 0,
    "speciality": 17,
    "academic_level": 1
  }
},
{
  "model": "courses.course",
  "pk": 81,
  "fields": {
    "course_code": "112---\u0625\u0646\u062c-3",
    "course_name": "Writing - 1",
    "course_name_ar": "\u0627\u0644\u0643\u062a\u0627\u0628\u0629 - 1",
    "course_theory_load": 0,
    "course_lab_load": 0,
    "course_tutorial_load": 0,
    "speciality": 17,
    "academic_level": 1
  }
},
{
  "model": "courses.course",
  "pk": 82,
  "fields": {
    "course_code": "115---\u0625\u0646\u062c-3",
    "course_name": "Reading and comprehension - 2",
    "course_name_ar": "\u0627\u0644\u0642\u0631\u0627\u0621\u0629 \u0648\u0627\u0644\u0627\u0633\u062a\u064a\u0639\u0627\u0628 - 2",
    "course_theory_load": 0,
    "course_lab_load": 0,
    "course_tutorial_load": 0,
    "speciality": 17,
    "academic_level": 1
  }
},
{
  "model": "courses.course",
  "pk": 83,
  "fields": {
    "course_code": "116---\u0625\u0646\u062c-3",
    "course_name": "Writing - 2",
    "course_name_ar": "\u0627\u0644\u0643\u062a\u0627\u0628\u0629 - 2",
    "course_theory_load": 0,
    "course_lab_load": 0,
    "course_tutorial_load": 0,
    "speciality": 17,
    "academic_level": 1
  }
},
{
  "model": "courses.course",
  "pk": 84,
  "fields": {
    "course_code": "118---\u0625\u0646\u062c-2",
    "course_name": "Study skills",
    "course_name_ar": "\u0627\u0644\u0645\u0647\u0627\u0631\u0627\u062a \u0627\u0644\u062f\u0631\u0627\u0633\u064a\u0629",
    "course_theory_load": 0,
    "course_lab_load": 0,
    "course_tutorial_load": 0,
    "speciality": 17,
    "academic_level": 1
  }
},
{
  "model": "courses.course",
  "pk": 85,
  "fields": {
    "course_code": "211---\u0625\u0646\u062c-3",
    "course_name": "Reading and comprehension - 3",
    "course_name_ar": "\u0627\u0644\u0642\u0631\u0627\u0621\u0629 \u0648\u0627\u0644\u0627\u0633\u062a\u064a\u0639\u0627\u0628 - 3",
    "course_theory_load": 0,
    "course_lab_load": 0,
    "course_tutorial_load": 0,
    "speciality": 17,
    "academic_level": 1
  }
},
{
  "model": "courses.course",
  "pk": 86,
  "fields": {
    "course_code": "212---\u0625\u0646\u062c-3",
    "course_name": "Writing - 3",
    "course_name_ar": "\u0627\u0644\u0643\u062a\u0627\u0628\u0629 - 3",
    "course_theory_load": 0,
    "course_lab_load": 0,
    "course_tutorial_load": 0,
    "speciality": 17,
    "academic_level": 1
  }
},
{
  "model": "courses.course",
  "pk": 87,
  "fields": {
    "course_code": "213---\u0625\u0646\u062c-2",
    "course_name": "Grammar - 3",
    "course_name_ar": "\u0642\u0648\u0627\u0639\u062f - 3",
    "course_theory_load": 0,
    "course_lab_load": 0,
    "course_tutorial_load": 0,
    "speciality": 17,
    "academic_level": 1
  }
},
{
  "model": "courses.course",
  "pk": 88,
  "fields": {
    "course_code": "214---\u0625\u0646\u062c-3",
    "course_name": "Building vocabulary - 1",
    "course_name_ar": "\u0628\u0646\u0627\u0621 \u0627\u0644\u0645\u0641\u0631\u062f\u0627\u062a - 1",
    "course_theory_load": 0,
    "course_lab_load": 0,
    "course_tutorial_load": 0,
    "speciality": 17,
    "academic_level": 1
  }
},
{
  "model": "courses.course",
  "pk": 89,
  "fields": {
    "course_code": "216---\u0625\u0646\u062c-2",
    "course_name": "Reading and comprehension - 4",
    "course_name_ar": "\u0627\u0644\u0642\u0631\u0627\u0621\u0629 \u0648\u0627\u0644\u0627\u0633\u062a\u064a\u0639\u0627\u0628 - 4",
    "course_theory_load": 0,
    "course_lab_load": 0,
    "course_tutorial_load": 0,
    "speciality": 17,
    "academic_level": 1
  }
},
{
  "model": "courses.course",
  "pk": 90,
  "fields": {
    "course_code": "217---\u0625\u0646\u062c-2",
    "course_name": "Writing - 4",
    "course_name_ar": "\u0627\u0644\u0643\u062a\u0627\u0628\u0629 - 4",
    "course_theory_load": 0,
    "course_lab_load": 0,
    "course_tutorial_load": 0,
    "speciality": 17,
    "academic_level": 1
  }
},
{
  "model": "courses.course",
  "pk": 91,
  "fields": {
    "course_code": "218---\u0625\u0646\u062c-2",
    "course_name": "Grammar - 4",
    "course_name_ar": "\u0627\u0644\u0642\u0648\u0627\u0639\u062f - 4",
    "course_theory_load": 0,
    "course_lab_load": 0,
    "course_tutorial_load": 0,
    "speciality": 17,
    "academic_level": 1
  }
},
{
  "model": "courses.course",
  "pk": 92,
  "fields": {
    "course_code": "219---\u0625\u0646\u062c-3",
    "course_name": "Building vocabulary - 2",
    "course_name_ar": "\u0628\u0646\u0627\u0621 \u0627\u0644\u0645\u0641\u0631\u062f\u0627\u062a - 2",
    "course_theory_load": 0,
    "course_lab_load": 0,
    "course_tutorial_load": 0,
    "speciality": 17,
    "academic_level": 1
  }
},
{
  "model": "courses.course",
  "pk": 93,
  "fields": {
    "course_code": "310---\u0625\u0646\u062c-2",
    "course_name": "Speech Workshop",
    "course_name_ar": "\u0648\u0631\u0634\u0629 \u0639\u0645\u0644 \u0627\u0644\u062e\u0637\u0627\u0628\u0629",
    "course_theory_load": 0,
    "course_lab_load": 0,
    "course_tutorial_load": 0,
    "speciality": 17,
    "academic_level": 1
  }
},
{
  "model": "courses.course",
  "pk": 94,
  "fields": {
    "course_code": "311---\u0625\u0646\u062c-3",
    "course_name": "Writing for specific purposes",
    "course_name_ar": "\u0627\u0644\u0643\u062a\u0627\u0628\u0629 \u0644\u0623\u063a\u0631\u0627\u0636 \u0645\u0639\u064a\u0646\u0629",
    "course_theory_load": 0,
    "course_lab_load": 0,
    "course_tutorial_load": 0,
    "speciality": 17,
    "academic_level": 1
  }
},
{
  "model": "courses.course",
  "pk": 95,
  "fields": {
    "course_code": "312---\u0625\u0646\u062c-3",
    "course_name": "Technology and language learning",
    "course_name_ar": "\u0627\u0644\u062a\u0643\u0646\u0648\u0644\u0648\u062c\u064a\u0627 \u0648\u062a\u0639\u0644\u0645 \u0627\u0644\u0644\u063a\u0629",
    "course_theory_load": 0,
    "course_lab_load": 0,
    "course_tutorial_load": 0,
    "speciality": 17,
    "academic_level": 1
  }
},
{
  "model": "courses.course",
  "pk": 96,
  "fields": {
    "course_code": "320---\u0625\u0646\u062c-3",
    "course_name": "Introduction to Linguistics",
    "course_name_ar": "\u0645\u0642\u062f\u0645\u0629 \u0641\u064a \u0627\u0644\u0644\u063a\u0648\u064a\u0627\u062a",
    "course_theory_load": 0,
    "course_lab_load": 0,
    "course_tutorial_load": 0,
    "speciality": 17,
    "academic_level": 1
  }
},
{
  "model": "courses.course",
  "pk": 97,
  "fields": {
    "course_code": "321---\u0625\u0646\u062c-3",
    "course_name": "Phonetics",
    "course_name_ar": "\u0627\u0644\u0635\u0648\u062a\u064a\u0627\u062a",
    "course_theory_load": 0,
    "course_lab_load": 0,
    "course_tutorial_load": 0,
    "speciality": 17,
    "academic_level": 1
  }
},
{
  "model": "courses.course",
  "pk": 98,
  "fields": {
    "course_code": "325---\u0625\u0646\u062c-3",
    "course_name": "Phonolgy",
    "course_name_ar": "\u0639\u0644\u0645 \u0627\u0644\u0623\u0635\u0648\u0627\u062a",
    "course_theory_load": 0,
    "course_lab_load": 0,
    "course_tutorial_load": 0,
    "speciality": 17,
    "academic_level": 1
  }
},
{
  "model": "courses.course",
  "pk": 99,
  "fields": {
    "course_code": "330---\u0625\u0646\u062c-3",
    "course_name": "Introduction to Literary Arts",
    "course_name_ar": "\u0645\u0642\u062f\u0645\u0629 \u0641\u064a \u0627\u0644\u0641\u0646\u0648\u0646 \u0627\u0644\u0623\u062f\u0628\u064a\u0629",
    "course_theory_load": 0,
    "course_lab_load": 0,
    "course_tutorial_load": 0,
    "speciality": 17,
    "academic_level": 1
  }
},
{
  "model": "courses.course",
  "pk": 100,
  "fields": {
    "course_code": "332---\u0625\u0646\u062c-2",
    "course_name": "Drama",
    "course_name_ar": "\u0645\u0633\u0631\u062d\u064a\u0629",
    "course_theory_load": 0,
    "course_lab_load": 0,
    "course_tutorial_load": 0,
    "speciality": 17,
    "academic_level": 1
  }
},
{
  "model": "courses.course",
  "pk": 101,
  "fields": {
    "course_code": "340---\u062a\u0631\u062c-2",
    "course_name": "Translation - 1",
    "course_name_ar": "\u0627\u0644\u062a\u0631\u062c\u0645\u0629 - 1",
    "course_theory_load": 0,
    "course_lab_load": 0,
    "course_tutorial_load": 0,
    "speciality": 17,
    "academic_level": 1
  }
},
{
  "model": "courses.course",
  "pk": 102,
  "fields": {
    "course_code": "411---\u0625\u0646\u062c-3",
    "course_name": "Research methods",
    "course_name_ar": "\u0637\u0631\u0642 \u0627\u0644\u0628\u062d\u062b",
    "course_theory_load": 0,
    "course_lab_load": 0,
    "course_tutorial_load": 0,
    "speciality": 17,
    "academic_level": 1
  }
},
{
  "model": "courses.course",
  "pk": 103,
  "fields": {
    "course_code": "422---\u0625\u0646\u062c-3",
    "course_name": "Applied Linguistics - 1",
    "course_name_ar": "\u0627\u0644\u0644\u063a\u0648\u064a\u0627\u062a \u0627\u0644\u062a\u0637\u0628\u064a\u0642\u064a\u0629 - 1",
    "course_theory_load": 0,
    "course_lab_load": 0,
    "course_tutorial_load": 0,
    "speciality": 17,
    "academic_level": 1
  }
},
{
  "model": "courses.course",
  "pk": 104,
  "fields": {
    "course_code": "423---\u0625\u0646\u062c-3",
    "course_name": "Applied Linguistics - 2",
    "course_name_ar": "\u0627\u0644\u0644\u063a\u0648\u064a\u0627\u062a \u0627\u0644\u062a\u0637\u0628\u064a\u0642\u064a\u0629 - 2",
    "course_theory_load": 0,
    "course_lab_load": 0,
    "course_tutorial_load": 0,
    "speciality": 17,
    "academic_level": 1
  }
},
{
  "model": "courses.course",
  "pk": 105,
  "fields": {
    "course_code": "425---\u0625\u0646\u062c-3",
    "course_name": "Preparation for international tests",
    "course_name_ar": "\u0627\u0644\u0627\u0639\u062f\u0627\u062f \u0644\u0644\u0627\u062e\u062a\u0628\u0627\u0631\u0627\u062a \u0627\u0644\u062f\u0648\u0644\u064a\u0629",
    "course_theory_load": 0,
    "course_lab_load": 0,
    "course_tutorial_load": 0,
    "speciality": 17,
    "academic_level": 1
  }
},
{
  "model": "courses.course",
  "pk": 106,
  "fields": {
    "course_code": "427---\u0625\u0646\u062c-3",
    "course_name": "Morphology",
    "course_name_ar": "\u0639\u0644\u0645 \u0627\u0644\u0646\u062d\u0648",
    "course_theory_load": 0,
    "course_lab_load": 0,
    "course_tutorial_load": 0,
    "speciality": 17,
    "academic_level": 1
  }
},
{
  "model": "courses.course",
  "pk": 107,
  "fields": {
    "course_code": "430---\u0625\u0646\u062c-2",
    "course_name": "Poetry",
    "course_name_ar": "\u0627\u0644\u0634\u0639\u0631",
    "course_theory_load": 0,
    "course_lab_load": 0,
    "course_tutorial_load": 0,
    "speciality": 17,
    "academic_level": 1
  }
},
{
  "model": "courses.course",
  "pk": 108,
  "fields": {
    "course_code": "431---\u0625\u0646\u062c-2",
    "course_name": "Novel",
    "course_name_ar": "\u0627\u0644\u0631\u0648\u0627\u064a\u0629",
    "course_theory_load": 0,
    "course_lab_load": 0,
    "course_tutorial_load": 0,
    "speciality": 17,
    "academic_level": 1
  }
},
{
  "model": "courses.course",
  "pk": 109,
  "fields": {
    "course_code": "433---\u0625\u0646\u062c-2",
    "course_name": "Modern literary movements",
    "course_name_ar": "\u0627\u0644\u062d\u0631\u0643\u0627\u062a \u0627\u0644\u0623\u062f\u0628\u064a\u0629 \u0627\u0644\u062d\u062f\u064a\u062b\u0629",
    "course_theory_load": 0,
    "course_lab_load": 0,
    "course_tutorial_load": 0,
    "speciality": 17,
    "academic_level": 1
  }
},
{
  "model": "courses.course",
  "pk": 110,
  "fields": {
    "course_code": "440---\u062a\u0631\u062c-2",
    "course_name": "Translation - 2",
    "course_name_ar": "\u0627\u0644\u062a\u0631\u062c\u0645\u0629 - 2",
    "course_theory_load": 0,
    "course_lab_load": 0,
    "course_tutorial_load": 0,
    "speciality": 17,
    "academic_level": 1
  }
},
{
  "model": "courses.course",
  "pk": 111,
  "fields": {
    "course_code": "110---\u0625\u0646\u062c-3",
    "course_name": "Listening and Speaking - 1",
    "course_name_ar": "\u0627\u0644\u0627\u0633\u062a\u0645\u0627\u0639 \u0648\u0627\u0644\u062a\u062d\u062f\u062b - 1",
    "course_theory_load": 0,
    "course_lab_load": 0,
    "course_tutorial_load": 0,
    "speciality": 17,
    "academic_level": 1
  }
},
{
  "model": "courses.course",
  "pk": 112,
  "fields": {
    "course_code": "331---\u0625\u0646\u062c-2",
    "course_name": "Short story",
    "course_name_ar": "\u0627\u0644\u0642\u0635\u0629 \u0627\u0644\u0642\u0635\u064a\u0631\u0629",
    "course_theory_load": 0,
    "course_lab_load": 0,
    "course_tutorial_load": 0,
    "speciality": 17,
    "academic_level": 1
  }
},
{
  "model": "courses.course",
  "pk": 113,
  "fields": {
    "course_code": "426---\u0625\u0646\u062c-3",
    "course_name": "Syntax",
    "course_name_ar": "\u0639\u0644\u0645 \u0627\u0644\u0635\u0631\u0641",
    "course_theory_load": 0,
    "course_lab_load": 0,
    "course_tutorial_load": 0,
    "speciality": 17,
    "academic_level": 1
  }
},
{
  "model": "courses.course",
  "pk": 114,
  "fields": {
    "course_code": "441---\u062a\u0631\u062c-2",
    "course_name": "Translation - 3",
    "course_name_ar": "\u0627\u0644\u062a\u0631\u062c\u0645\u0629 - 3",
    "course_theory_load": 0,
    "course_lab_load": 0,
    "course_tutorial_load": 0,
    "speciality": 17,
    "academic_level": 1
  }
},
{
  "model": "courses.course",
  "pk": 115,
  "fields": {
    "course_code": "114---\u0625\u0646\u062c-3",
    "course_name": "Listening and Speaking - 2",
    "course_name_ar": "\u0627\u0644\u0627\u0633\u062a\u0645\u0627\u0639 \u0648\u0627\u0644\u062a\u062d\u062f\u062b - 2",
    "course_theory_load": 0,
    "course_lab_load": 0,
    "course_tutorial_load": 0,
    "speciality": 17,
    "academic_level": 1
  }
},
{
  "model": "courses.course",
  "pk": 116,
  "fields": {
    "course_code": "210---\u0625\u0646\u062c-3",
    "course_name": "Listening and Speaking - 3",
    "course_name_ar": "\u0627\u0644\u0627\u0633\u062a\u0645\u0627\u0639 \u0648\u0627\u0644\u062a\u062d\u062f\u062b - 3",
    "course_theory_load": 0,
    "course_lab_load": 0,
    "course_tutorial_load": 0,
    "speciality": 17,
    "academic_level": 1
  }
},
{
  "model": "courses.course",
  "pk": 117,
  "fields": {
    "course_code": "215---\u0625\u0646\u062c-3",
    "course_name": "Listening and Speaking - 4",
    "course_name_ar": "\u0627\u0644\u0627\u0633\u062a\u0645\u0627\u0639 \u0648\u0627\u0644\u062a\u062d\u062f\u062b - 4",
    "course_theory_load": 0,
    "course_lab_load": 0,
    "course_tutorial_load": 0,
    "speciality": 17,
    "academic_level": 1
  }
},
{
  "model": "courses.course",
  "pk": 118,
  "fields": {
    "course_code": "011---\u0646\u062c\u0644-6",
    "course_name": "Intensive English Program - 1",
    "course_name_ar": "\u0628\u0631\u0646\u0627\u0645\u062c \u0627\u0644\u0644\u063a\u0629 \u0627\u0644\u0627\u0646\u062c\u0644\u064a\u0632\u064a\u0629 \u0627\u0644\u0645\u0643\u062b\u0641 - 1",
    "course_theory_load": 0,
    "course_lab_load": 0,
    "course_tutorial_load": 0,
    "speciality": 17,
    "academic_level": 1
  }
},
{
  "model": "courses.course",
  "pk": 119,
  "fields": {
    "course_code": "113---\u0625\u0646\u062c-3",
    "course_name": "Grammar - 1",
    "course_name_ar": "\u0627\u0644\u0642\u0648\u0627\u0639\u062f - 1",
    "course_theory_load": 0,
    "course_lab_load": 0,
    "course_tutorial_load": 0,
    "speciality": 17,
    "academic_level": 1
  }
},
{
  "model": "courses.course",
  "pk": 120,
  "fields": {
    "course_code": "117---\u0625\u0646\u062c-3",
    "course_name": "Grammar - 2",
    "course_name_ar": "\u0627\u0644\u0642\u0648\u0627\u0639\u062f - 2",
    "course_theory_load": 0,
    "course_lab_load": 0,
    "course_tutorial_load": 0,
    "speciality": 17,
    "academic_level": 1
  }
},
{
  "model": "courses.course",
  "pk": 121,
  "fields": {
    "course_code": "111---\u0633\u0644\u0645-2",
    "course_name": "Introduction to Islamic Culture",
    "course_name_ar": "\u0627\u0644\u0645\u062f\u062e\u0644 \u0627\u0644\u0649 \u0627\u0644\u062b\u0642\u0627\u0641\u0629 \u0627\u0644\u0627\u0633\u0644\u0627\u0645\u064a\u0629",
    "course_theory_load": 0,
    "course_lab_load": 0,
    "course_tutorial_load": 0,
    "speciality": 18,
    "academic_level": 1
  }
},
{
  "model": "courses.course",
  "pk": 122,
  "fields": {
    "course_code": "112---\u0633\u0644\u0645-2",
    "course_name": "Islamic Culture -2",
    "course_name_ar": "\u0627\u0644\u062b\u0642\u0627\u0641\u0629 \u0627\u0644\u0627\u0633\u0644\u0627\u0645\u064a\u0629 -2",
    "course_theory_load": 0,
    "course_lab_load": 0,
    "course_tutorial_load": 0,
    "speciality": 18,
    "academic_level": 1
  }
},
{
  "model": "courses.course",
  "pk": 123,
  "fields": {
    "course_code": "113---\u0633\u0644\u0645-2",
    "course_name": "Islamic Culture - 3",
    "course_name_ar": "\u0627\u0644\u062b\u0642\u0627\u0641\u0629 \u0627\u0644\u0627\u0633\u0644\u0627\u0645\u064a\u0629 -3",
    "course_theory_load": 0,
    "course_lab_load": 0,
    "course_tutorial_load": 0,
    "speciality": 18,
    "academic_level": 1
  }
},
{
  "model": "courses.course",
  "pk": 124,
  "fields": {
    "course_code": "114---\u0633\u0644\u0645-2",
    "course_name": "Islamic Culture - 4",
    "course_name_ar": "\u0627\u0644\u062b\u0642\u0627\u0641\u0629 \u0627\u0644\u0627\u0633\u0644\u0627\u0645\u064a\u0629 -4",
    "course_theory_load": 0,
    "course_lab_load": 0,
    "course_tutorial_load": 0,
    "speciality": 18,
    "academic_level": 1
  }
},
{
  "model": "courses.course",
  "pk": 125,
  "fields": {
    "course_code": "201---\u0639\u0631\u0628-2",
    "course_name": "language skills",
    "course_name_ar": "\u0627\u0644\u0645\u0647\u0627\u0631\u0627\u062a \u0627\u0644\u0644\u063a\u0648\u064a\u0629",
    "course_theory_load": 0,
    "course_lab_load": 0,
    "course_tutorial_load": 0,
    "speciality": 19,
    "academic_level": 1
  }
},
{
  "model": "courses.course",
  "pk": 126,
  "fields": {
    "course_code": "202---\u0639\u0631\u0628-2",
    "course_name": "Arab Editing",
    "course_name_ar": "\u0627\u0644\u062a\u062d\u0631\u064a\u0631 \u0627\u0644\u0639\u0631\u0628\u064a",
    "course_theory_load": 0,
    "course_lab_load": 0,
    "course_tutorial_load": 0,
    "speciality": 19,
    "academic_level": 1
  }
},
{
  "model": "courses.course",
  "pk": 127,
  "fields": {
    "course_code": "101---\u062f\u0627\u0631-3",
    "course_name": "Asset Management",
    "course_name_ar": "\u0623\u0635\u0648\u0644 \u0627\u0644\u0627\u062f\u0627\u0631\u0629",
    "course_theory_load": 0,
    "course_lab_load": 0,
    "course_tutorial_load": 0,
    "speciality": 20,
    "academic_level": 1
  }
},
{
  "model": "courses.course",
  "pk": 130,
  "fields": {
    "course_code": "463---\u0639\u0627\u0644-3",
    "course_name": "Computer Networks - 2",
    "course_name_ar": "\u0634\u0628\u0643\u0627\u062a \u0627\u0644\u062d\u0627\u0633\u0628 - 2",
    "course_theory_load": 0,
    "course_lab_load": 0,
    "course_tutorial_load": 0,
    "speciality": 12,
    "academic_level": 1
  }
},
{
  "model": "courses.course",
  "pk": 132,
  "fields": {
    "course_code": "101---\u062d\u0627\u0644-3",
    "course_name": "Computer",
    "course_name_ar": "\u062d\u0627\u0633\u0628 \u0622\u0644\u064a",
    "course_theory_load": 0,
    "course_lab_load": 0,
    "course_tutorial_load": 0,
    "speciality": 12,
    "academic_level": 1
  }
},
{
  "model": "measurement.sectiondocrequest",
  "pk": 18,
  "fields": {
    "created_date": "2019-01-04T20:45:11.663Z",
    "section": 385,
    "maxgrades": 100,
    "student_grades": "{'mids': [40, 45, 26, 41, 39, 34, 33, 47, 34, 47, 25, 37, 37, 39, 39, 28, 36, 27], 'finals': [45, 45, 37, 35, 27, 40, 30, 44, 26, 46, 26, 30, 45, 39, 33, 24, 41, 40], 'totals': [85, 90, 63, 76, 66, 74, 63, 91, 60, 93, 51, 67, 82, 78, 72, 52, 77, 67]}",
    "doc_mean": "72.6111",
    "doc_std_deviation": "12.6078",
    "doc_skewness": "-0.0102",
    "doc_correlation": "0.0194",
    "doc_max": "93.0000",
    "doc_min": "51.0000",
    "histogram": "data/media/histogram_section104.png",
    "doc_explanation": ""
  }
},
{
  "model": "measurement.sectiondocrequest",
  "pk": 19,
  "fields": {
    "created_date": "2019-01-04T20:45:12.068Z",
    "section": 286,
    "maxgrades": 100,
    "student_grades": "{'mids': [54, 51, 52, 55, 53, 49, 57, 56, 50, 58, 37, 46, 55, 54], 'finals': [28, 19, 26, 28, 29, 30, 35, 35, 22, 24, 13, 33, 32, 31], 'totals': [82, 70, 78, 83, 82, 79, 92, 91, 72, 82, 50, 79, 87, 85]}",
    "doc_mean": "79.4286",
    "doc_std_deviation": "10.4713",
    "doc_skewness": "-1.7585",
    "doc_correlation": "0.0212",
    "doc_max": "92.0000",
    "doc_min": "50.0000",
    "histogram": "data/media/histogram_section50.png",
    "doc_explanation": ""
  }
},
{
  "model": "measurement.sectiondocrequest",
  "pk": 20,
  "fields": {
    "created_date": "2019-01-04T20:45:12.394Z",
    "section": 342,
    "maxgrades": 100,
    "student_grades": "{'mids': [37, 30, 31, 20, 43], 'finals': [23, 30, 29, 30, 22], 'totals': [60, 60, 60, 50, 65]}",
    "doc_mean": "59.0000",
    "doc_std_deviation": "5.4772",
    "doc_skewness": "-1.2932",
    "doc_correlation": "0.0532",
    "doc_max": "65.0000",
    "doc_min": "50.0000",
    "histogram": "data/media/histogram_section92.png",
    "doc_explanation": ""
  }
},
{
  "model": "measurement.sectiondocrequest",
  "pk": 21,
  "fields": {
    "created_date": "2019-01-04T20:45:12.629Z",
    "section": 383,
    "maxgrades": 100,
    "student_grades": "{'mids': [34, 29, 42, 35, 31, 29, 31, 22, 38], 'finals': [27, 31, 45, 47, 18, 40, 30, 24, 25], 'totals': [61, 60, 87, 82, 49, 69, 61, 46, 63]}",
    "doc_mean": "64.2222",
    "doc_std_deviation": "13.5165",
    "doc_skewness": "0.5092",
    "doc_correlation": "0.2490",
    "doc_max": "87.0000",
    "doc_min": "46.0000",
    "histogram": "data/media/histogram_section93.png",
    "doc_explanation": ""
  }
},
{
  "model": "measurement.sectiondocrequest",
  "pk": 22,
  "fields": {
    "created_date": "2019-01-04T20:45:12.980Z",
    "section": 284,
    "maxgrades": 100,
    "student_grades": "{'mids': [48, 48, 55, 55, 43, 56, 55, 55, 55, 52, 50, 57, 51, 47, 51], 'finals': [23, 22, 25, 26, 22, 39, 35, 25, 33, 18, 26, 38, 25, 29, 26], 'totals': [71, 70, 80, 81, 65, 95, 90, 80, 88, 70, 76, 95, 76, 76, 77]}",
    "doc_mean": "79.3333",
    "doc_std_deviation": "9.1469",
    "doc_skewness": "0.4617",
    "doc_correlation": "0.0195",
    "doc_max": "95.0000",
    "doc_min": "65.0000",
    "histogram": "data/media/histogram_section24.png",
    "doc_explanation": ""
  }
},
{
  "model": "measurement.sectiondocrequest",
  "pk": 23,
  "fields": {
    "created_date": "2019-01-04T20:45:13.366Z",
    "section": 401,
    "maxgrades": 100,
    "student_grades": "{'mids': [48, 0, 50, 44, 48, 45, 13, 50, 50, 0, 50, 50, 15, 4, 50, 47, 37, 0, 23, 50, 42, 36, 38, 41, 24, 50, 44, 46, 33, 49, 48, 50, 50, 24, 26, 12, 0, 50, 48, 31, 15, 50, 47, 48], 'finals': [45, 0, 42, 27, 32, 30, 24, 22, 26, 0, 45, 27, 0, 28, 49, 40, 29, 0, 37, 41, 18, 24, 22, 29, 36, 38, 0, 36, 27, 32, 38, 30, 35, 22, 34, 0, 22, 40, 23, 36, 0, 36, 31, 37], 'totals': [93, 0, 92, 71, 80, 75, 37, 72, 76, 0, 95, 77, 15, 32, 99, 87, 66, 0, 60, 91, 60, 60, 60, 70, 60, 88, 44, 82, 60, 81, 86, 80, 85, 46, 60, 12, 22, 90, 71, 67, 15, 86, 78, 85]}",
    "doc_mean": "62.8636",
    "doc_std_deviation": "28.2131",
    "doc_skewness": "-1.0154",
    "doc_correlation": "0.0000",
    "doc_max": "99.0000",
    "doc_min": "0.0000",
    "histogram": "data/media/histogram_section151.png",
    "doc_explanation": ""
  }
},
{
  "model": "measurement.sectiondocrequest",
  "pk": 24,
  "fields": {
    "created_date": "2019-01-04T20:45:13.658Z",
    "section": 349,
    "maxgrades": 100,
    "student_grades": "{'mids': [19, 26, 34, 33, 31, 35, 39, 30, 31, 31, 32, 35, 24, 28, 28, 33, 27, 34, 28, 32, 28, 21, 32, 34, 32, 12, 32, 37, 35, 30, 30], 'finals': [28, 26, 41, 42, 31, 33, 36, 30, 35, 34, 28, 40, 36, 32, 47, 33, 33, 33, 32, 33, 24, 22, 38, 33, 36, 29, 43, 42, 40, 30, 30], 'totals': [47, 52, 75, 75, 62, 68, 75, 60, 66, 65, 60, 75, 60, 60, 75, 66, 60, 67, 60, 65, 52, 43, 70, 67, 68, 41, 75, 79, 75, 60, 60]}",
    "doc_mean": "63.9677",
    "doc_std_deviation": "9.7416",
    "doc_skewness": "-0.6527",
    "doc_correlation": "0.0043",
    "doc_max": "79.0000",
    "doc_min": "41.0000",
    "histogram": "data/media/histogram_section106.png",
    "doc_explanation": ""
  }
},
{
  "model": "measurement.sectiondocrequest",
  "pk": 25,
  "fields": {
    "created_date": "2019-01-04T20:45:14.049Z",
    "section": 329,
    "maxgrades": 100,
    "student_grades": "{'mids': [27, 22, 34, 32, 10, 38, 36, 34, 35, 19], 'finals': [9, 15, 31, 15, 0, 37, 44, 26, 35, 21], 'totals': [36, 37, 65, 47, 10, 75, 80, 60, 70, 40]}",
    "doc_mean": "52.0000",
    "doc_std_deviation": "21.8174",
    "doc_skewness": "-0.5450",
    "doc_correlation": "0.0039",
    "doc_max": "80.0000",
    "doc_min": "10.0000",
    "histogram": "data/media/histogram_section222.png",
    "doc_explanation": ""
  }
},
{
  "model": "measurement.sectiondocrequest",
  "pk": 26,
  "fields": {
    "created_date": "2019-01-04T20:45:14.408Z",
    "section": 361,
    "maxgrades": 100,
    "student_grades": "{'mids': [43, 40, 34, 45, 35, 41, 35, 42, 40, 40, 38, 30, 31, 24, 40, 26, 39, 27, 38], 'finals': [24, 22, 26, 25, 27, 21, 25, 25, 42, 38, 42, 30, 13, 17, 22, 19, 23, 14, 40], 'totals': [67, 62, 60, 70, 62, 62, 60, 67, 82, 78, 80, 60, 44, 41, 62, 45, 62, 41, 78]}",
    "doc_mean": "62.2632",
    "doc_std_deviation": "12.5956",
    "doc_skewness": "-0.2722",
    "doc_correlation": "0.0724",
    "doc_max": "82.0000",
    "doc_min": "41.0000",
    "histogram": "data/media/histogram_section132.png",
    "doc_explanation": ""
  }
},
{
  "model": "measurement.sectiondocrequest",
  "pk": 27,
  "fields": {
    "created_date": "2019-01-04T20:45:14.633Z",
    "section": 390,
    "maxgrades": 100,
    "student_grades": "{'mids': [42, 43, 45, 35, 46, 46, 44, 48, 43, 45, 44, 47, 41, 42, 39, 47, 45, 41, 27, 44, 42, 45, 44, 43, 45, 46, 40, 46, 45, 48, 46, 44, 42, 46, 45, 46, 49, 46, 44, 42, 48, 46, 45, 46, 44], 'finals': [25, 29, 31, 25, 40, 45, 40, 31, 40, 37, 36, 30, 34, 35, 26, 34, 34, 31, 18, 31, 36, 32, 33, 31, 40, 31, 29, 43, 38, 49, 37, 29, 21, 37, 34, 37, 49, 42, 37, 37, 37, 36, 32, 35, 43], 'totals': [67, 72, 76, 60, 86, 91, 84, 79, 83, 82, 80, 77, 75, 77, 65, 81, 79, 72, 45, 75, 78, 77, 77, 74, 85, 77, 69, 89, 83, 97, 83, 73, 63, 83, 79, 83, 98, 88, 81, 79, 85, 82, 77, 81, 87]}",
    "doc_mean": "78.5333",
    "doc_std_deviation": "9.2432",
    "doc_skewness": "-1.0160",
    "doc_correlation": "0.0000",
    "doc_max": "98.0000",
    "doc_min": "45.0000",
    "histogram": "data/media/histogram_section170.png",
    "doc_explanation": ""
  }
},
{
  "model": "measurement.sectiondocrequest",
  "pk": 28,
  "fields": {
    "created_date": "2019-01-04T20:45:14.882Z",
    "section": 392,
    "maxgrades": 100,
    "student_grades": "{'mids': [37, 30, 41, 34, 41, 48, 48, 40, 26, 32], 'finals': [29, 34, 35, 30, 29, 44, 37, 39, 34, 28], 'totals': [66, 64, 76, 64, 70, 92, 85, 79, 60, 60]}",
    "doc_mean": "71.6000",
    "doc_std_deviation": "10.9970",
    "doc_skewness": "0.7526",
    "doc_correlation": "0.1021",
    "doc_max": "92.0000",
    "doc_min": "60.0000",
    "histogram": "data/media/histogram_section79.png",
    "doc_explanation": ""
  }
},
{
  "model": "measurement.sectiondocrequest",
  "pk": 29,
  "fields": {
    "created_date": "2019-01-04T20:45:15.177Z",
    "section": 346,
    "maxgrades": 100,
    "student_grades": "{'mids': [45, 36, 45, 33, 28, 31, 43], 'finals': [46, 24, 35, 32, 32, 30, 38], 'totals': [91, 60, 80, 65, 60, 61, 81]}",
    "doc_mean": "71.1429",
    "doc_std_deviation": "12.6416",
    "doc_skewness": "0.6283",
    "doc_correlation": "0.1164",
    "doc_max": "91.0000",
    "doc_min": "60.0000",
    "histogram": "data/media/histogram_section110.png",
    "doc_explanation": ""
  }
},
{
  "model": "measurement.sectiondocrequest",
  "pk": 30,
  "fields": {
    "created_date": "2019-01-04T20:45:15.336Z",
    "section": 315,
    "maxgrades": 100,
    "student_grades": "{'mids': [40, 42, 42, 47, 43, 44, 41, 30, 45, 43, 44, 39, 38, 34, 36, 42], 'finals': [30, 29, 18, 38, 18, 48, 32, 32, 41, 27, 36, 31, 27, 32, 44, 20], 'totals': [70, 71, 60, 85, 61, 92, 73, 62, 86, 70, 80, 70, 65, 66, 80, 62]}",
    "doc_mean": "72.0625",
    "doc_std_deviation": "9.8554",
    "doc_skewness": "0.6407",
    "doc_correlation": "0.8941",
    "doc_max": "92.0000",
    "doc_min": "60.0000",
    "histogram": "data/media/histogram_section172.png",
    "doc_explanation": ""
  }
},
{
  "model": "measurement.sectiondocrequest",
  "pk": 31,
  "fields": {
    "created_date": "2019-01-04T20:45:15.508Z",
    "section": 319,
    "maxgrades": 100,
    "student_grades": "{'mids': [41, 48, 31, 42, 44, 45, 38, 45, 41], 'finals': [39, 47, 29, 41, 41, 45, 22, 43, 35], 'totals': [80, 95, 60, 83, 85, 90, 60, 88, 76]}",
    "doc_mean": "79.6667",
    "doc_std_deviation": "12.4399",
    "doc_skewness": "-0.8170",
    "doc_correlation": "0.0071",
    "doc_max": "95.0000",
    "doc_min": "60.0000",
    "histogram": "data/media/histogram_section40.png",
    "doc_explanation": ""
  }
},
{
  "model": "measurement.sectiondocrequest",
  "pk": 32,
  "fields": {
    "created_date": "2019-01-04T20:45:15.746Z",
    "section": 337,
    "maxgrades": 100,
    "student_grades": "{'mids': [24, 21, 36, 34, 36, 41, 43, 19, 35, 20, 20, 35, 30, 40, 23, 44, 37, 35, 34, 41, 31, 30], 'finals': [36, 11, 24, 26, 34, 19, 32, 8, 25, 0, 21, 35, 30, 40, 21, 31, 23, 45, 9, 34, 29, 30], 'totals': [60, 32, 60, 60, 70, 60, 75, 27, 60, 20, 41, 70, 60, 80, 44, 75, 60, 80, 43, 75, 60, 60]}",
    "doc_mean": "57.8182",
    "doc_std_deviation": "16.8315",
    "doc_skewness": "-0.7740",
    "doc_correlation": "0.0075",
    "doc_max": "80.0000",
    "doc_min": "20.0000",
    "histogram": "data/media/histogram_section82.png",
    "doc_explanation": ""
  }
},
{
  "model": "measurement.sectiondocrequest",
  "pk": 33,
  "fields": {
    "created_date": "2019-01-04T20:45:16.115Z",
    "section": 376,
    "maxgrades": 100,
    "student_grades": "{'mids': [45, 31, 22, 42, 26, 18, 20, 39, 44, 33, 29, 32, 36, 34, 32, 23, 29, 31, 42, 34, 33, 8, 36], 'finals': [46, 34, 13, 48, 16, 15, 25, 21, 17, 32, 31, 28, 24, 36, 28, 16, 31, 35, 45, 26, 39, 18, 39], 'totals': [91, 65, 35, 90, 42, 33, 45, 60, 61, 65, 60, 60, 60, 70, 60, 39, 60, 66, 87, 60, 72, 26, 75]}",
    "doc_mean": "60.0870",
    "doc_std_deviation": "17.3805",
    "doc_skewness": "-0.1116",
    "doc_correlation": "0.0020",
    "doc_max": "91.0000",
    "doc_min": "26.0000",
    "histogram": "data/media/histogram_section146.png",
    "doc_explanation": ""
  }
},
{
  "model": "measurement.sectiondocrequest",
  "pk": 34,
  "fields": {
    "created_date": "2019-01-04T20:45:16.328Z",
    "section": 316,
    "maxgrades": 100,
    "student_grades": "{'mids': [38, 8, 38, 34, 39, 40, 37, 33, 35, 38, 38, 41, 35, 36, 25, 44, 33, 33, 36, 45, 42, 48, 25, 40, 48], 'finals': [29, 6, 22, 26, 36, 22, 36, 28, 12, 23, 32, 19, 25, 27, 11, 41, 27, 28, 32, 43, 45, 42, 8, 41, 42], 'totals': [67, 14, 60, 60, 75, 62, 73, 61, 47, 61, 70, 60, 60, 63, 36, 85, 60, 61, 68, 88, 87, 90, 33, 81, 90]}",
    "doc_mean": "64.4800",
    "doc_std_deviation": "18.3601",
    "doc_skewness": "-0.8491",
    "doc_correlation": "0.0000",
    "doc_max": "90.0000",
    "doc_min": "14.0000",
    "histogram": "data/media/histogram_section219.png",
    "doc_explanation": ""
  }
},
{
  "model": "measurement.sectiondocrequest",
  "pk": 35,
  "fields": {
    "created_date": "2019-01-04T20:45:16.669Z",
    "section": 355,
    "maxgrades": 100,
    "student_grades": "{'mids': [44, 24, 33, 22, 23, 19, 30, 33, 30, 19, 20, 31, 29, 22, 45, 26, 27, 22, 27, 33, 33, 23, 23, 21, 25, 17, 22, 30, 31, 22, 28, 23], 'finals': [46, 20, 22, 18, 38, 10, 40, 42, 35, 29, 23, 39, 33, 31, 43, 34, 38, 28, 33, 34, 42, 38, 17, 15, 40, 27, 15, 40, 34, 19, 42, 22], 'totals': [90, 44, 55, 40, 61, 29, 70, 75, 65, 48, 43, 70, 62, 53, 88, 60, 65, 50, 60, 67, 75, 61, 40, 36, 65, 44, 37, 70, 65, 41, 70, 45]}",
    "doc_mean": "57.6250",
    "doc_std_deviation": "15.1119",
    "doc_skewness": "0.1307",
    "doc_correlation": "0.0000",
    "doc_max": "90.0000",
    "doc_min": "29.0000",
    "histogram": "data/media/histogram_section123.png",
    "doc_explanation": ""
  }
},
{
  "model": "measurement.sectiondocrequest",
  "pk": 36,
  "fields": {
    "created_date": "2019-01-04T20:45:16.903Z",
    "section": 323,
    "maxgrades": 100,
    "student_grades": "{'mids': [45, 37, 42, 34, 43, 42, 45, 30, 40], 'finals': [48, 24, 35, 26, 47, 49, 45, 32, 42], 'totals': [93, 61, 77, 60, 90, 91, 90, 62, 82]}",
    "doc_mean": "78.4444",
    "doc_std_deviation": "13.9921",
    "doc_skewness": "-0.4599",
    "doc_correlation": "0.0169",
    "doc_max": "93.0000",
    "doc_min": "60.0000",
    "histogram": "data/media/histogram_section182.png",
    "doc_explanation": ""
  }
},
{
  "model": "measurement.sectiondocrequest",
  "pk": 37,
  "fields": {
    "created_date": "2019-01-04T20:45:17.239Z",
    "section": 345,
    "maxgrades": 100,
    "student_grades": "{'mids': [22, 26, 34, 15, 26, 48, 32, 28, 41, 44, 46, 28, 30, 20, 28, 45, 40, 24, 39, 26, 45, 33, 19, 25], 'finals': [25, 35, 26, 28, 35, 47, 43, 37, 44, 48, 44, 32, 30, 40, 32, 45, 40, 42, 46, 34, 41, 37, 27, 35], 'totals': [47, 61, 60, 43, 61, 95, 75, 65, 85, 92, 90, 60, 60, 60, 60, 90, 80, 66, 85, 60, 86, 70, 46, 60]}",
    "doc_mean": "69.0417",
    "doc_std_deviation": "15.4004",
    "doc_skewness": "0.2029",
    "doc_correlation": "0.0001",
    "doc_max": "95.0000",
    "doc_min": "43.0000",
    "histogram": "data/media/histogram_section103.png",
    "doc_explanation": ""
  }
},
{
  "model": "measurement.sectiondocrequest",
  "pk": 38,
  "fields": {
    "created_date": "2019-01-04T20:45:17.597Z",
    "section": 380,
    "maxgrades": 100,
    "student_grades": "{'mids': [45, 48, 37, 41, 48, 28, 29, 41, 35, 32, 31, 26, 18, 29, 30, 27, 34, 27, 31, 32, 34, 48, 36, 34, 46, 25, 34, 49, 32, 29, 23, 24, 38, 47, 44, 28], 'finals': [48, 48, 39, 47, 49, 34, 12, 44, 26, 33, 29, 17, 14, 31, 32, 43, 36, 43, 36, 49, 29, 49, 42, 38, 49, 13, 34, 46, 28, 31, 8, 21, 34, 49, 46, 44], 'totals': [93, 96, 76, 88, 97, 62, 41, 85, 61, 65, 60, 43, 32, 60, 62, 70, 70, 70, 67, 81, 63, 97, 78, 72, 95, 38, 68, 95, 60, 60, 31, 45, 72, 96, 90, 72]}",
    "doc_mean": "69.7500",
    "doc_std_deviation": "19.0103",
    "doc_skewness": "-0.2915",
    "doc_correlation": "0.0000",
    "doc_max": "97.0000",
    "doc_min": "31.0000",
    "histogram": "data/media/histogram_section137.png",
    "doc_explanation": ""
  }
},
{
  "model": "measurement.sectiondocrequest",
  "pk": 39,
  "fields": {
    "created_date": "2019-01-04T20:45:18.000Z",
    "section": 403,
    "maxgrades": 100,
    "student_grades": "{'mids': [], 'finals': [65, 80, 70, 50, 80, 70, 95, 95, 76, 12, 65, 30, 60, 75, 43, 65, 0, 50, 90, 60, 75, 65, 86, 50, 76, 70, 80, 60, 75, 71, 77, 0, 97, 95, 66, 90, 65, 85, 85, 90, 65, 85, 70, 60, 70, 75], 'totals': [65, 80, 70, 50, 80, 70, 95, 95, 76, 12, 65, 30, 60, 75, 43, 65, 0, 50, 90, 60, 75, 65, 86, 50, 76, 70, 80, 60, 75, 71, 77, 0, 97, 95, 66, 90, 65, 85, 85, 90, 65, 85, 70, 60, 70, 75]}",
    "doc_mean": "67.6957",
    "doc_std_deviation": "22.2470",
    "doc_skewness": "-1.5403",
    "doc_correlation": "-99.9900",
    "doc_max": "97.0000",
    "doc_min": "0.0000",
    "histogram": "data/media/histogram_section155.png",
    "doc_explanation": ""
  }
},
{
  "model": "measurement.sectiondocrequest",
  "pk": 40,
  "fields": {
    "created_date": "2019-01-04T20:45:18.327Z",
    "section": 357,
    "maxgrades": 100,
    "student_grades": "{'mids': [34, 30, 18, 34, 20, 41, 31, 39, 43, 23, 23, 40, 36], 'finals': [36, 30, 21, 26, 11, 44, 29, 21, 37, 15, 24, 41, 31], 'totals': [70, 60, 39, 60, 31, 85, 60, 60, 80, 38, 47, 81, 67]}",
    "doc_mean": "59.8462",
    "doc_std_deviation": "17.1991",
    "doc_skewness": "-0.2057",
    "doc_correlation": "0.0016",
    "doc_max": "85.0000",
    "doc_min": "31.0000",
    "histogram": "data/media/histogram_section112.png",
    "doc_explanation": ""
  }
},
{
  "model": "measurement.sectiondocrequest",
  "pk": 41,
  "fields": {
    "created_date": "2019-01-04T20:45:18.662Z",
    "section": 360,
    "maxgrades": 100,
    "student_grades": "{'mids': [28, 30, 29, 32, 27, 23, 29, 32, 36, 25, 28, 23, 29, 33, 28, 12, 30, 14, 11], 'finals': [38, 40, 37, 34, 34, 27, 38, 28, 44, 36, 38, 39, 32, 48, 37, 11, 31, 39, 40], 'totals': [66, 70, 66, 66, 61, 50, 67, 60, 80, 61, 66, 62, 61, 81, 65, 23, 61, 53, 51]}",
    "doc_mean": "61.5789",
    "doc_std_deviation": "12.2896",
    "doc_skewness": "-1.5412",
    "doc_correlation": "0.0981",
    "doc_max": "81.0000",
    "doc_min": "23.0000",
    "histogram": "data/media/histogram_section131.png",
    "doc_explanation": ""
  }
},
{
  "model": "measurement.sectiondocrequest",
  "pk": 42,
  "fields": {
    "created_date": "2019-01-04T20:45:18.883Z",
    "section": 321,
    "maxgrades": 100,
    "student_grades": "{'mids': [45, 45, 34], 'finals': [30, 35, 27], 'totals': [75, 80, 61]}",
    "doc_mean": "72.0000",
    "doc_std_deviation": "9.8489",
    "doc_skewness": "-1.2435",
    "doc_correlation": "0.4246",
    "doc_max": "80.0000",
    "doc_min": "61.0000",
    "histogram": "data/media/histogram_section52.png",
    "doc_explanation": ""
  }
},
{
  "model": "measurement.sectiondocrequest",
  "pk": 43,
  "fields": {
    "created_date": "2019-01-04T20:45:19.210Z",
    "section": 388,
    "maxgrades": 100,
    "student_grades": "{'mids': [37, 23, 37, 43, 33, 42, 38, 36, 30, 40, 38, 35, 43, 31, 43, 34, 46], 'finals': [25, 24, 40, 47, 44, 43, 37, 44, 30, 46, 38, 35, 32, 29, 42, 36, 44], 'totals': [62, 47, 77, 90, 77, 85, 75, 80, 60, 86, 76, 70, 75, 60, 85, 70, 90]}",
    "doc_mean": "74.4118",
    "doc_std_deviation": "11.8641",
    "doc_skewness": "-0.7189",
    "doc_correlation": "0.0057",
    "doc_max": "90.0000",
    "doc_min": "47.0000",
    "histogram": "data/media/histogram_section121.png",
    "doc_explanation": ""
  }
},
{
  "model": "measurement.sectiondocrequest",
  "pk": 44,
  "fields": {
    "created_date": "2019-01-04T20:45:19.403Z",
    "section": 290,
    "maxgrades": 100,
    "student_grades": "{'mids': [44, 39, 22, 22, 40, 21, 37, 32, 38, 38], 'finals': [38, 32, 7, 9, 36, 9, 24, 28, 32, 29], 'totals': [82, 71, 29, 31, 76, 30, 61, 60, 70, 67]}",
    "doc_mean": "57.7000",
    "doc_std_deviation": "20.1663",
    "doc_skewness": "-0.6501",
    "doc_correlation": "0.0000",
    "doc_max": "82.0000",
    "doc_min": "29.0000",
    "histogram": "data/media/histogram_section18.png",
    "doc_explanation": ""
  }
},
{
  "model": "measurement.sectiondocrequest",
  "pk": 45,
  "fields": {
    "created_date": "2019-01-04T20:45:19.558Z",
    "section": 405,
    "maxgrades": 100,
    "student_grades": "{'mids': [50, 0, 50, 42, 39, 48, 0, 0, 49, 0, 50, 48, 36, 50, 50, 50, 50, 50, 50, 0, 50, 34, 47, 39, 25, 42, 50, 48, 31, 42, 9, 27, 32, 50, 50, 50, 34, 48, 40, 20, 50, 50, 49, 50, 36, 40, 50, 50, 50, 49, 50, 48, 35, 49, 50, 50, 50, 50, 49, 42, 50, 50, 50, 50, 45, 40, 50], 'finals': [47, 0, 41, 25, 31, 35, 0, 30, 33, 0, 43, 42, 36, 45, 48, 43, 42, 26, 34, 0, 37, 32, 36, 36, 35, 35, 35, 35, 39, 31, 0, 33, 28, 41, 43, 40, 29, 36, 33, 29, 40, 30, 43, 49, 38, 43, 40, 36, 40, 39, 46, 44, 30, 33, 45, 41, 48, 45, 45, 43, 38, 49, 41, 50, 36, 32, 49], 'totals': [97, 0, 91, 67, 70, 83, 0, 30, 82, 0, 93, 90, 72, 95, 98, 93, 92, 76, 84, 0, 87, 66, 83, 75, 60, 77, 85, 83, 70, 73, 9, 60, 60, 91, 93, 90, 63, 84, 73, 49, 90, 80, 92, 99, 74, 83, 90, 86, 90, 88, 96, 92, 65, 82, 95, 91, 98, 95, 94, 85, 88, 99, 91, 100, 81, 72, 99]}",
    "doc_mean": "76.7015",
    "doc_std_deviation": "25.1583",
    "doc_skewness": "-2.0596",
    "doc_correlation": "0.0000",
    "doc_max": "100.0000",
    "doc_min": "0.0000",
    "histogram": "data/media/histogram_section208.png",
    "doc_explanation": ""
  }
},
{
  "model": "measurement.sectiondocrequest",
  "pk": 46,
  "fields": {
    "created_date": "2019-01-04T20:45:19.734Z",
    "section": 288,
    "maxgrades": 100,
    "student_grades": "{'mids': [41, 44, 35, 19, 46, 41, 32, 50, 38, 35, 46, 31, 45, 45, 26, 43, 47, 27, 44, 32, 34], 'finals': [26, 42, 40, 2, 30, 27, 30, 43, 22, 3, 33, 35, 30, 15, 26, 22, 26, 25, 38, 31, 26], 'totals': [67, 86, 75, 21, 76, 68, 62, 93, 60, 38, 79, 66, 75, 60, 52, 65, 73, 52, 82, 63, 60]}",
    "doc_mean": "65.3810",
    "doc_std_deviation": "16.1198",
    "doc_skewness": "-0.9613",
    "doc_correlation": "0.0490",
    "doc_max": "93.0000",
    "doc_min": "21.0000",
    "histogram": "data/media/histogram_section5.png",
    "doc_explanation": ""
  }
},
{
  "model": "measurement.sectiondocrequest",
  "pk": 47,
  "fields": {
    "created_date": "2019-01-04T20:45:20.069Z",
    "section": 356,
    "maxgrades": 100,
    "student_grades": "{'mids': [9, 28, 25, 23, 33, 32, 42, 30, 38, 31, 32, 21, 17, 45, 31, 27, 37, 27, 19], 'finals': [29, 32, 35, 37, 37, 30, 43, 45, 31, 44, 36, 39, 30, 43, 29, 35, 43, 34, 44], 'totals': [38, 60, 60, 60, 70, 62, 85, 75, 69, 75, 68, 60, 47, 88, 60, 62, 80, 61, 63]}",
    "doc_mean": "65.4211",
    "doc_std_deviation": "12.0569",
    "doc_skewness": "-0.1351",
    "doc_correlation": "0.1197",
    "doc_max": "88.0000",
    "doc_min": "38.0000",
    "histogram": "data/media/histogram_section120.png",
    "doc_explanation": ""
  }
},
{
  "model": "measurement.sectiondocrequest",
  "pk": 48,
  "fields": {
    "created_date": "2019-01-04T20:46:34.323Z",
    "section": 283,
    "maxgrades": 100,
    "student_grades": "{'mids': [57, 51, 50, 43, 58, 37, 44, 32, 51], 'finals': [28, 19, 10, 17, 15, 12, 16, 9, 20], 'totals': [85, 70, 60, 60, 73, 49, 60, 41, 71]}",
    "doc_mean": "63.2222",
    "doc_std_deviation": "13.2455",
    "doc_skewness": "-0.1318",
    "doc_correlation": "0.0646",
    "doc_max": "85.0000",
    "doc_min": "41.0000",
    "histogram": "data/media/histogram_section20.png",
    "doc_explanation": ""
  }
},
{
  "model": "measurement.sectiondocrequest",
  "pk": 49,
  "fields": {
    "created_date": "2019-01-04T20:46:34.653Z",
    "section": 358,
    "maxgrades": 100,
    "student_grades": "{'mids': [45, 19, 17, 40, 48, 37, 46, 37, 37, 34, 44, 36, 36, 34], 'finals': [46, 14, 21, 40, 49, 23, 49, 35, 23, 33, 41, 35, 29, 26], 'totals': [91, 33, 38, 80, 97, 60, 95, 72, 60, 67, 85, 71, 65, 60]}",
    "doc_mean": "69.5714",
    "doc_std_deviation": "19.3141",
    "doc_skewness": "-0.3909",
    "doc_correlation": "0.0001",
    "doc_max": "97.0000",
    "doc_min": "33.0000",
    "histogram": "data/media/histogram_section122.png",
    "doc_explanation": ""
  }
},
{
  "model": "measurement.sectiondocrequest",
  "pk": 50,
  "fields": {
    "created_date": "2019-01-04T20:46:35.062Z",
    "section": 362,
    "maxgrades": 100,
    "student_grades": "{'mids': [28, 40, 37, 35, 33, 22, 41, 39, 33, 31, 28, 33, 42, 42, 44, 36, 20, 34, 40, 26, 38, 32, 26, 42, 46, 37, 38, 36, 35, 36, 35, 34, 38], 'finals': [16, 35, 26, 25, 37, 4, 24, 31, 27, 29, 32, 27, 20, 43, 36, 34, 0, 38, 25, 19, 22, 28, 14, 24, 49, 28, 22, 24, 25, 24, 40, 26, 32], 'totals': [44, 75, 63, 60, 70, 26, 65, 70, 60, 60, 60, 60, 62, 85, 80, 70, 20, 72, 65, 45, 60, 60, 40, 66, 95, 65, 60, 60, 60, 60, 75, 60, 70]}",
    "doc_mean": "61.9091",
    "doc_std_deviation": "14.6679",
    "doc_skewness": "-0.8310",
    "doc_correlation": "0.0000",
    "doc_max": "95.0000",
    "doc_min": "20.0000",
    "histogram": "data/media/histogram_section193.png",
    "doc_explanation": ""
  }
},
{
  "model": "measurement.sectiondocrequest",
  "pk": 51,
  "fields": {
    "created_date": "2019-01-04T20:46:35.344Z",
    "section": 384,
    "maxgrades": 100,
    "student_grades": "{'mids': [48, 45, 39, 46, 43, 48, 36, 39, 48, 50, 46], 'finals': [43, 33, 33, 45, 32, 46, 39, 35, 42, 40, 48], 'totals': [91, 78, 72, 91, 75, 94, 75, 74, 90, 90, 94]}",
    "doc_mean": "84.0000",
    "doc_std_deviation": "9.0111",
    "doc_skewness": "-0.2145",
    "doc_correlation": "0.0847",
    "doc_max": "94.0000",
    "doc_min": "72.0000",
    "histogram": "data/media/histogram_section97.png",
    "doc_explanation": ""
  }
},
{
  "model": "measurement.sectiondocrequest",
  "pk": 52,
  "fields": {
    "created_date": "2019-01-04T20:46:35.644Z",
    "section": 343,
    "maxgrades": 100,
    "student_grades": "{'mids': [42, 35, 17, 35, 39, 34, 28, 30, 30, 36, 13, 19, 38, 33, 20, 41, 9, 21, 33, 44], 'finals': [43, 32, 23, 42, 47, 44, 32, 36, 35, 39, 16, 24, 40, 27, 0, 45, 5, 15, 38, 46], 'totals': [85, 67, 40, 77, 86, 78, 60, 66, 65, 75, 29, 43, 78, 60, 20, 86, 14, 36, 71, 90]}",
    "doc_mean": "61.3000",
    "doc_std_deviation": "23.1451",
    "doc_skewness": "-0.7446",
    "doc_correlation": "0.0000",
    "doc_max": "90.0000",
    "doc_min": "14.0000",
    "histogram": "data/media/histogram_section101.png",
    "doc_explanation": ""
  }
},
{
  "model": "measurement.sectiondocrequest",
  "pk": 53,
  "fields": {
    "created_date": "2019-01-04T20:46:35.986Z",
    "section": 287,
    "maxgrades": 100,
    "student_grades": "{'mids': [55, 49, 45, 52, 51, 50, 55, 50, 55, 41, 45, 52], 'finals': [28, 31, 18, 11, 13, 22, 35, 24, 27, 27, 21, 31], 'totals': [83, 80, 63, 63, 64, 72, 90, 74, 82, 68, 66, 83]}",
    "doc_mean": "74.0000",
    "doc_std_deviation": "9.3614",
    "doc_skewness": "0.2505",
    "doc_correlation": "0.4958",
    "doc_max": "90.0000",
    "doc_min": "63.0000",
    "histogram": "data/media/histogram_section179.png",
    "doc_explanation": ""
  }
},
{
  "model": "measurement.sectiondocrequest",
  "pk": 54,
  "fields": {
    "created_date": "2019-01-04T20:46:36.327Z",
    "section": 373,
    "maxgrades": 100,
    "student_grades": "{'mids': [49, 42, 36, 27, 23, 48, 38, 34, 25, 39, 34, 25, 43, 33, 30, 41, 34, 31, 34, 22, 48, 32, 17, 45, 23, 35, 43, 31, 10, 31, 46, 49, 44], 'finals': [49, 49, 24, 34, 17, 48, 42, 31, 40, 26, 27, 37, 47, 27, 30, 49, 39, 40, 36, 38, 47, 41, 13, 48, 16, 25, 47, 29, 19, 29, 44, 49, 46], 'totals': [98, 91, 60, 61, 40, 96, 80, 65, 65, 65, 61, 62, 90, 60, 60, 90, 73, 71, 70, 60, 95, 73, 30, 93, 39, 60, 90, 60, 29, 60, 90, 98, 90]}",
    "doc_mean": "70.4545",
    "doc_std_deviation": "19.4408",
    "doc_skewness": "-0.3439",
    "doc_correlation": "0.0000",
    "doc_max": "98.0000",
    "doc_min": "29.0000",
    "histogram": "data/media/histogram_section144.png",
    "doc_explanation": ""
  }
},
{
  "model": "measurement.sectiondocrequest",
  "pk": 55,
  "fields": {
    "created_date": "2019-01-04T20:46:36.564Z",
    "section": 292,
    "maxgrades": 100,
    "student_grades": "{'mids': [38, 37, 48, 42, 49, 33, 38, 33, 44, 43, 48, 31, 17, 38, 45], 'finals': [32, 38, 43, 38, 47, 27, 42, 32, 38, 42, 47, 35, 32, 44, 40], 'totals': [70, 75, 91, 80, 96, 60, 80, 65, 82, 85, 95, 66, 49, 82, 85]}",
    "doc_mean": "77.4000",
    "doc_std_deviation": "13.2708",
    "doc_skewness": "-0.5809",
    "doc_correlation": "0.0025",
    "doc_max": "96.0000",
    "doc_min": "49.0000",
    "histogram": "data/media/histogram_section28.png",
    "doc_explanation": ""
  }
},
{
  "model": "measurement.sectiondocrequest",
  "pk": 56,
  "fields": {
    "created_date": "2019-01-04T20:46:36.794Z",
    "section": 296,
    "maxgrades": 100,
    "student_grades": "{'mids': [47, 12, 38, 40, 42, 47, 45, 35, 31, 34], 'finals': [38, 15, 22, 40, 44, 44, 46, 25, 34, 27], 'totals': [85, 27, 60, 80, 86, 91, 91, 60, 65, 61]}",
    "doc_mean": "70.6000",
    "doc_std_deviation": "20.0400",
    "doc_skewness": "-1.0678",
    "doc_correlation": "0.0048",
    "doc_max": "91.0000",
    "doc_min": "27.0000",
    "histogram": "data/media/histogram_section38.png",
    "doc_explanation": ""
  }
},
{
  "model": "measurement.sectiondocrequest",
  "pk": 57,
  "fields": {
    "created_date": "2019-01-04T20:46:36.966Z",
    "section": 293,
    "maxgrades": 100,
    "student_grades": "{'mids': [42, 42, 36, 37, 47, 40, 37, 44, 39, 37, 45, 49, 36, 31, 37, 38, 38, 39, 41], 'finals': [33, 29, 29, 23, 43, 30, 15, 37, 31, 25, 35, 41, 35, 19, 28, 22, 27, 36, 26], 'totals': [75, 71, 65, 60, 90, 70, 52, 81, 70, 62, 80, 90, 71, 50, 65, 60, 65, 75, 67]}",
    "doc_mean": "69.4211",
    "doc_std_deviation": "10.9001",
    "doc_skewness": "0.2663",
    "doc_correlation": "0.0002",
    "doc_max": "90.0000",
    "doc_min": "50.0000",
    "histogram": "data/media/histogram_section30.png",
    "doc_explanation": ""
  }
},
{
  "model": "measurement.sectiondocrequest",
  "pk": 58,
  "fields": {
    "created_date": "2019-01-04T20:46:37.149Z",
    "section": 294,
    "maxgrades": 100,
    "student_grades": "{'mids': [43, 44, 34, 31, 49, 36, 36, 38, 39, 41, 40, 39, 42, 49, 33, 40, 34, 44, 39], 'finals': [43, 37, 16, 22, 48, 24, 30, 22, 31, 31, 45, 28, 43, 42, 27, 20, 31, 38, 26], 'totals': [86, 81, 50, 53, 97, 60, 66, 60, 70, 72, 85, 67, 85, 91, 60, 60, 65, 82, 65]}",
    "doc_mean": "71.3158",
    "doc_std_deviation": "13.4910",
    "doc_skewness": "0.3193",
    "doc_correlation": "0.0002",
    "doc_max": "97.0000",
    "doc_min": "50.0000",
    "histogram": "data/media/histogram_section22.png",
    "doc_explanation": ""
  }
},
{
  "model": "measurement.sectiondocrequest",
  "pk": 59,
  "fields": {
    "created_date": "2019-01-04T20:46:37.497Z",
    "section": 379,
    "maxgrades": 100,
    "student_grades": "{'mids': [30, 35, 34, 32, 32, 18, 16, 5, 34, 28, 35, 36, 31, 33, 34, 15, 35, 35, 32, 43, 33, 28, 30, 30, 32, 17, 34, 10, 29, 21, 22, 38, 36, 34, 30, 19, 43, 23, 18], 'finals': [30, 26, 26, 28, 28, 19, 23, 7, 31, 32, 30, 34, 29, 27, 26, 19, 26, 26, 28, 42, 29, 34, 32, 6, 28, 23, 26, 12, 36, 8, 17, 32, 24, 26, 30, 13, 42, 21, 12], 'totals': [60, 61, 60, 60, 60, 37, 39, 12, 65, 60, 65, 70, 60, 60, 60, 34, 61, 61, 60, 85, 62, 62, 62, 36, 60, 40, 60, 22, 65, 29, 39, 70, 60, 60, 60, 32, 85, 44, 30]}",
    "doc_mean": "54.0513",
    "doc_std_deviation": "16.1179",
    "doc_skewness": "-0.6648",
    "doc_correlation": "0.0000",
    "doc_max": "85.0000",
    "doc_min": "12.0000",
    "histogram": "data/media/histogram_section134.png",
    "doc_explanation": ""
  }
},
{
  "model": "measurement.sectiondocrequest",
  "pk": 60,
  "fields": {
    "created_date": "2019-01-04T20:46:37.778Z",
    "section": 391,
    "maxgrades": 100,
    "student_grades": "{'mids': [40, 49, 44, 42, 26, 44, 44, 41, 49, 48, 45, 40, 40, 49, 31, 28], 'finals': [30, 46, 32, 34, 16, 22, 26, 29, 40, 47, 37, 27, 40, 28, 29, 27], 'totals': [70, 95, 76, 76, 42, 66, 70, 70, 89, 95, 82, 67, 80, 77, 60, 55]}",
    "doc_mean": "73.1250",
    "doc_std_deviation": "14.0327",
    "doc_skewness": "-0.3580",
    "doc_correlation": "0.0115",
    "doc_max": "95.0000",
    "doc_min": "42.0000",
    "histogram": "data/media/histogram_section76.png",
    "doc_explanation": ""
  }
},
{
  "model": "measurement.sectiondocrequest",
  "pk": 61,
  "fields": {
    "created_date": "2019-01-04T20:46:38.087Z",
    "section": 393,
    "maxgrades": 100,
    "student_grades": "{'mids': [31, 24, 34, 39, 45, 46, 32, 26, 37, 36, 48, 39, 41, 43, 41, 37], 'finals': [15, 22, 26, 22, 34, 20, 12, 20, 19, 24, 30, 37, 26, 35, 19, 25], 'totals': [46, 46, 60, 61, 79, 66, 44, 46, 56, 60, 78, 76, 67, 78, 60, 62]}",
    "doc_mean": "61.5625",
    "doc_std_deviation": "12.0442",
    "doc_skewness": "0.0233",
    "doc_correlation": "0.0479",
    "doc_max": "79.0000",
    "doc_min": "44.0000",
    "histogram": "data/media/histogram_section83.png",
    "doc_explanation": ""
  }
},
{
  "model": "measurement.sectiondocrequest",
  "pk": 62,
  "fields": {
    "created_date": "2019-01-04T20:46:38.322Z",
    "section": 301,
    "maxgrades": 100,
    "student_grades": "{'mids': [42, 39, 45, 47, 32, 47, 42, 42], 'finals': [36, 40, 37, 46, 30, 48, 36, 37], 'totals': [78, 79, 82, 93, 62, 95, 78, 79]}",
    "doc_mean": "80.7500",
    "doc_std_deviation": "10.1945",
    "doc_skewness": "-0.3434",
    "doc_correlation": "0.0157",
    "doc_max": "95.0000",
    "doc_min": "62.0000",
    "histogram": "data/media/histogram_section44.png",
    "doc_explanation": ""
  }
},
{
  "model": "measurement.sectiondocrequest",
  "pk": 63,
  "fields": {
    "created_date": "2019-01-04T20:47:14.640Z",
    "section": 333,
    "maxgrades": 100,
    "student_grades": "{'mids': [41, 27, 24, 25, 26, 38, 23], 'finals': [34, 0, 21, 18, 24, 35, 16], 'totals': [75, 27, 45, 43, 50, 73, 39]}",
    "doc_mean": "50.2857",
    "doc_std_deviation": "17.6891",
    "doc_skewness": "0.5150",
    "doc_correlation": "0.0861",
    "doc_max": "75.0000",
    "doc_min": "27.0000",
    "histogram": "data/media/histogram_section9.png",
    "doc_explanation": ""
  }
},
{
  "model": "measurement.sectiondocrequest",
  "pk": 64,
  "fields": {
    "created_date": "2019-01-04T20:47:14.845Z",
    "section": 304,
    "maxgrades": 100,
    "student_grades": "{'mids': [45, 42, 35], 'finals': [36, 38, 26], 'totals': [81, 80, 61]}",
    "doc_mean": "74.0000",
    "doc_std_deviation": "11.2694",
    "doc_skewness": "-1.7167",
    "doc_correlation": "0.2883",
    "doc_max": "81.0000",
    "doc_min": "61.0000",
    "histogram": "data/media/histogram_section60.png",
    "doc_explanation": ""
  }
},
{
  "model": "measurement.sectiondocrequest",
  "pk": 65,
  "fields": {
    "created_date": "2019-01-04T20:47:15.112Z",
    "section": 309,
    "maxgrades": 100,
    "student_grades": "{'mids': [38, 34, 37, 30, 39, 41, 39, 34, 40, 36, 33], 'finals': [32, 18, 23, 21, 21, 24, 21, 14, 30, 25, 17], 'totals': [70, 52, 60, 51, 60, 65, 60, 48, 70, 61, 50]}",
    "doc_mean": "58.8182",
    "doc_std_deviation": "7.7436",
    "doc_skewness": "0.0793",
    "doc_correlation": "0.0767",
    "doc_max": "70.0000",
    "doc_min": "48.0000",
    "histogram": "data/media/histogram_section14.png",
    "doc_explanation": ""
  }
},
{
  "model": "measurement.sectiondocrequest",
  "pk": 66,
  "fields": {
    "created_date": "2019-01-04T20:47:15.258Z",
    "section": 406,
    "maxgrades": 100,
    "student_grades": "{'mids': [45, 49, 48, 50, 50, 7, 49, 40, 50, 49, 37, 50, 50, 48, 49, 46, 48, 50, 50, 44, 47, 50, 50, 50, 43, 46, 50, 50, 0, 36, 48, 50, 43, 41], 'finals': [40, 38, 38, 40, 38, 0, 34, 28, 45, 39, 0, 35, 40, 35, 32, 45, 42, 33, 44, 37, 44, 43, 42, 39, 38, 34, 45, 37, 0, 35, 33, 45, 39, 32], 'totals': [85, 87, 86, 90, 88, 7, 83, 68, 95, 88, 37, 85, 90, 83, 81, 91, 90, 83, 94, 81, 91, 93, 92, 89, 81, 80, 95, 87, 0, 71, 81, 95, 82, 73]}",
    "doc_mean": "79.4706",
    "doc_std_deviation": "22.0168",
    "doc_skewness": "-2.8131",
    "doc_correlation": "0.0000",
    "doc_max": "95.0000",
    "doc_min": "0.0000",
    "histogram": "data/media/histogram_section163.png",
    "doc_explanation": ""
  }
},
{
  "model": "measurement.sectiondocrequest",
  "pk": 67,
  "fields": {
    "created_date": "2019-01-04T20:47:15.545Z",
    "section": 338,
    "maxgrades": 100,
    "student_grades": "{'mids': [34, 50, 34, 49, 41, 49, 39, 30, 28, 44, 41, 43, 43, 45, 39, 45, 48, 37, 24], 'finals': [20, 43, 21, 31, 25, 42, 21, 16, 14, 28, 23, 28, 27, 31, 36, 30, 43, 15, 12], 'totals': [54, 93, 55, 80, 66, 91, 60, 46, 42, 72, 64, 71, 70, 76, 75, 75, 91, 52, 36]}",
    "doc_mean": "66.7895",
    "doc_std_deviation": "16.4640",
    "doc_skewness": "-0.1374",
    "doc_correlation": "0.0000",
    "doc_max": "93.0000",
    "doc_min": "36.0000",
    "histogram": "data/media/histogram_section80.png",
    "doc_explanation": ""
  }
},
{
  "model": "measurement.sectiondocrequest",
  "pk": 68,
  "fields": {
    "created_date": "2019-01-04T20:47:15.720Z",
    "section": 299,
    "maxgrades": 100,
    "student_grades": "{'mids': [41, 43, 33, 46], 'finals': [39, 42, 27, 46], 'totals': [80, 85, 60, 92]}",
    "doc_mean": "79.2500",
    "doc_std_deviation": "13.7447",
    "doc_skewness": "-1.2504",
    "doc_correlation": "0.0003",
    "doc_max": "92.0000",
    "doc_min": "60.0000",
    "histogram": "data/media/histogram_section48.png",
    "doc_explanation": ""
  }
},
{
  "model": "measurement.sectiondocrequest",
  "pk": 69,
  "fields": {
    "created_date": "2019-01-04T20:47:15.956Z",
    "section": 382,
    "maxgrades": 100,
    "student_grades": "{'mids': [39, 17, 32, 31, 38, 28, 35, 21, 21], 'finals': [37, 15, 28, 35, 40, 32, 36, 15, 39], 'totals': [76, 32, 60, 66, 78, 60, 71, 36, 60]}",
    "doc_mean": "59.8889",
    "doc_std_deviation": "16.1898",
    "doc_skewness": "-0.8939",
    "doc_correlation": "0.0375",
    "doc_max": "78.0000",
    "doc_min": "32.0000",
    "histogram": "data/media/histogram_section85.png",
    "doc_explanation": ""
  }
},
{
  "model": "measurement.sectiondocrequest",
  "pk": 70,
  "fields": {
    "created_date": "2019-01-04T20:47:16.370Z",
    "section": 363,
    "maxgrades": 100,
    "student_grades": "{'mids': [43, 23, 32, 23, 32, 21, 37, 13, 12, 39, 39, 30, 34, 40, 35, 40, 45, 36, 38, 45, 33, 30, 37, 37, 25, 28, 21, 26, 25, 45], 'finals': [42, 11, 28, 22, 33, 23, 33, 13, 9, 41, 36, 35, 36, 39, 26, 40, 30, 34, 27, 45, 27, 30, 35, 28, 9, 17, 21, 34, 35, 40], 'totals': [85, 34, 60, 45, 65, 44, 70, 26, 21, 80, 75, 65, 70, 79, 61, 80, 75, 70, 65, 90, 60, 60, 72, 65, 34, 45, 42, 60, 60, 85]}",
    "doc_mean": "61.4333",
    "doc_std_deviation": "17.9111",
    "doc_skewness": "-0.6266",
    "doc_correlation": "0.0000",
    "doc_max": "90.0000",
    "doc_min": "21.0000",
    "histogram": "data/media/histogram_section127.png",
    "doc_explanation": ""
  }
},
{
  "model": "measurement.sectiondocrequest",
  "pk": 71,
  "fields": {
    "created_date": "2019-01-04T20:47:16.580Z",
    "section": 322,
    "maxgrades": 100,
    "student_grades": "{'mids': [40, 45, 46, 41, 42, 48, 44, 48, 48, 43], 'finals': [32, 35, 41, 22, 35, 38, 28, 42, 42, 40], 'totals': [72, 80, 87, 63, 77, 86, 72, 90, 90, 83]}",
    "doc_mean": "80.0000",
    "doc_std_deviation": "8.9443",
    "doc_skewness": "-0.6557",
    "doc_correlation": "0.0258",
    "doc_max": "90.0000",
    "doc_min": "63.0000",
    "histogram": "data/media/histogram_section42.png",
    "doc_explanation": ""
  }
},
{
  "model": "measurement.sectiondocrequest",
  "pk": 72,
  "fields": {
    "created_date": "2019-01-04T20:47:16.873Z",
    "section": 335,
    "maxgrades": 100,
    "student_grades": "{'mids': [33, 37, 36, 30, 36, 30, 26, 46, 37, 36, 35, 37, 49, 37, 35, 32, 42, 30, 41, 29, 33, 36, 37, 40, 37, 41, 34, 36, 31], 'finals': [27, 30, 24, 30, 0, 30, 22, 35, 23, 24, 34, 26, 46, 26, 26, 28, 29, 30, 34, 19, 29, 24, 25, 31, 23, 40, 29, 24, 29], 'totals': [60, 67, 60, 60, 36, 60, 48, 81, 60, 60, 69, 63, 95, 63, 61, 60, 71, 60, 75, 48, 62, 60, 62, 71, 60, 81, 63, 60, 60]}",
    "doc_mean": "63.3103",
    "doc_std_deviation": "10.8335",
    "doc_skewness": "0.5321",
    "doc_correlation": "0.0173",
    "doc_max": "95.0000",
    "doc_min": "36.0000",
    "histogram": "data/media/histogram_section8.png",
    "doc_explanation": ""
  }
},
{
  "model": "measurement.sectiondocrequest",
  "pk": 73,
  "fields": {
    "created_date": "2019-01-04T20:47:17.035Z",
    "section": 314,
    "maxgrades": 100,
    "student_grades": "{'mids': [39, 42, 39, 28, 42, 46, 42, 45, 43, 37, 41, 39, 39, 33, 38, 40, 43, 41, 42, 42, 47, 32, 45, 40, 42, 40, 3, 38, 37, 38, 46, 40, 45, 40], 'finals': [26, 28, 38, 14, 28, 14, 18, 15, 20, 33, 29, 31, 21, 32, 22, 25, 27, 19, 18, 40, 29, 11, 40, 20, 30, 31, 0, 28, 43, 39, 14, 36, 15, 20], 'totals': [65, 70, 77, 42, 70, 60, 60, 60, 63, 70, 70, 70, 60, 65, 60, 65, 70, 60, 60, 82, 76, 43, 85, 60, 72, 71, 3, 66, 80, 77, 60, 76, 60, 60]}",
    "doc_mean": "64.3529",
    "doc_std_deviation": "14.3567",
    "doc_skewness": "-2.4546",
    "doc_correlation": "0.0345",
    "doc_max": "85.0000",
    "doc_min": "3.0000",
    "histogram": "data/media/histogram_section2.png",
    "doc_explanation": ""
  }
},
{
  "model": "measurement.sectiondocrequest",
  "pk": 74,
  "fields": {
    "created_date": "2019-01-04T20:47:17.361Z",
    "section": 398,
    "maxgrades": 100,
    "student_grades": "{'mids': [33, 45, 27, 26, 40, 41, 33, 29, 28, 34, 42, 38, 47, 48, 32, 40, 39, 36, 41, 38, 39, 38, 32, 32, 28, 38, 28, 46, 39, 21, 31], 'finals': [27, 45, 33, 34, 30, 29, 27, 32, 20, 38, 43, 32, 35, 42, 28, 30, 41, 24, 44, 42, 21, 34, 33, 38, 37, 32, 19, 34, 31, 22, 29], 'totals': [60, 90, 60, 60, 70, 70, 60, 61, 48, 72, 85, 70, 82, 90, 60, 70, 80, 60, 85, 80, 60, 72, 65, 70, 65, 70, 47, 80, 70, 43, 60]}",
    "doc_mean": "68.2258",
    "doc_std_deviation": "11.9407",
    "doc_skewness": "-0.0218",
    "doc_correlation": "0.0049",
    "doc_max": "90.0000",
    "doc_min": "43.0000",
    "histogram": "data/media/histogram_section113.png",
    "doc_explanation": ""
  }
},
{
  "model": "measurement.sectiondocrequest",
  "pk": 75,
  "fields": {
    "created_date": "2019-01-04T20:47:17.638Z",
    "section": 396,
    "maxgrades": 100,
    "student_grades": "{'mids': [34, 30, 33, 41, 35, 40, 24, 35, 31, 45, 38, 36, 32, 48], 'finals': [34, 30, 27, 41, 33, 30, 19, 25, 29, 35, 29, 24, 28, 48], 'totals': [68, 60, 60, 82, 68, 70, 43, 60, 60, 80, 67, 60, 60, 96]}",
    "doc_mean": "66.7143",
    "doc_std_deviation": "12.7547",
    "doc_skewness": "0.6886",
    "doc_correlation": "0.0008",
    "doc_max": "96.0000",
    "doc_min": "43.0000",
    "histogram": "data/media/histogram_section100.png",
    "doc_explanation": ""
  }
},
{
  "model": "measurement.sectiondocrequest",
  "pk": 76,
  "fields": {
    "created_date": "2019-01-04T20:47:17.862Z",
    "section": 389,
    "maxgrades": 100,
    "student_grades": "{'mids': [33, 40, 30, 37, 39, 41, 24, 36, 39, 29, 41, 47, 37, 39, 34, 37, 32, 21, 46, 42, 19, 41, 18, 27, 40, 32, 32, 33, 35, 39, 39, 31, 24, 44, 40, 34, 30], 'finals': [27, 45, 17, 23, 28, 32, 27, 31, 30, 32, 34, 44, 23, 24, 36, 27, 31, 5, 46, 44, 24, 42, 12, 21, 27, 28, 29, 28, 33, 33, 36, 29, 25, 42, 29, 35, 20], 'totals': [60, 85, 47, 60, 67, 73, 51, 67, 69, 61, 75, 91, 60, 63, 70, 64, 63, 26, 92, 86, 43, 83, 30, 48, 67, 60, 61, 61, 68, 72, 75, 60, 49, 86, 69, 69, 50]}",
    "doc_mean": "64.3514",
    "doc_std_deviation": "15.0041",
    "doc_skewness": "-0.4001",
    "doc_correlation": "0.0000",
    "doc_max": "92.0000",
    "doc_min": "26.0000",
    "histogram": "data/media/histogram_section1.png",
    "doc_explanation": ""
  }
},
{
  "model": "measurement.sectiondocrequest",
  "pk": 77,
  "fields": {
    "created_date": "2019-01-04T20:47:18.014Z",
    "section": 332,
    "maxgrades": 100,
    "student_grades": "{'mids': [36, 25, 29, 39, 11, 46, 43, 24, 32, 11], 'finals': [29, 6, 46, 46, 0, 39, 32, 8, 41, 8], 'totals': [65, 31, 75, 85, 11, 85, 75, 32, 73, 19]}",
    "doc_mean": "55.1000",
    "doc_std_deviation": "28.5986",
    "doc_skewness": "-0.4941",
    "doc_correlation": "0.0085",
    "doc_max": "85.0000",
    "doc_min": "11.0000",
    "histogram": "data/media/histogram_section224.png",
    "doc_explanation": ""
  }
},
{
  "model": "measurement.sectiondocrequest",
  "pk": 78,
  "fields": {
    "created_date": "2019-01-04T20:47:18.391Z",
    "section": 400,
    "maxgrades": 100,
    "student_grades": "{'mids': [44, 46, 0, 45, 40, 50, 47, 49, 19, 49, 0, 25, 50, 0, 42, 50, 22, 46, 0, 18, 50, 50, 0, 0, 25, 50, 0, 47, 25, 50, 50, 0, 47, 50, 50, 27, 48, 50, 0, 37, 50, 20, 43, 31, 50, 50, 50, 0, 0, 38, 40, 50, 50, 50, 42, 50, 34, 50, 13, 50, 50, 0, 35, 44, 49, 42, 45, 0], 'finals': [42, 42, 0, 40, 40, 43, 46, 48, 41, 43, 0, 35, 46, 0, 31, 46, 40, 45, 0, 42, 45, 47, 0, 0, 37, 43, 0, 41, 35, 42, 45, 0, 46, 42, 49, 35, 47, 47, 0, 41, 47, 43, 48, 36, 47, 40, 36, 0, 0, 34, 40, 45, 49, 50, 46, 40, 46, 35, 0, 48, 48, 0, 41, 32, 0, 48, 40, 0], 'totals': [86, 88, 0, 85, 80, 93, 93, 97, 60, 92, 0, 60, 96, 0, 73, 96, 62, 91, 0, 60, 95, 97, 0, 0, 62, 93, 0, 88, 60, 92, 95, 0, 93, 92, 99, 62, 95, 97, 0, 78, 97, 63, 91, 67, 97, 90, 86, 0, 0, 72, 80, 95, 99, 100, 88, 90, 80, 85, 13, 98, 98, 0, 76, 76, 49, 90, 85, 0]}",
    "doc_mean": "67.2794",
    "doc_std_deviation": "36.1262",
    "doc_skewness": "-1.1303",
    "doc_correlation": "0.0000",
    "doc_max": "100.0000",
    "doc_min": "0.0000",
    "histogram": "data/media/histogram_section229.png",
    "doc_explanation": ""
  }
},
{
  "model": "measurement.sectiondocrequest",
  "pk": 79,
  "fields": {
    "created_date": "2019-01-04T20:47:18.617Z",
    "section": 308,
    "maxgrades": 100,
    "student_grades": "{'mids': [36, 32, 40, 45, 30, 48], 'finals': [34, 33, 45, 46, 35, 47], 'totals': [70, 65, 85, 91, 65, 95]}",
    "doc_mean": "78.5000",
    "doc_std_deviation": "13.4722",
    "doc_skewness": "0.1454",
    "doc_correlation": "0.0115",
    "doc_max": "95.0000",
    "doc_min": "65.0000",
    "histogram": "data/media/histogram_section185.png",
    "doc_explanation": ""
  }
},
{
  "model": "measurement.sectiondocrequest",
  "pk": 80,
  "fields": {
    "created_date": "2019-01-04T20:47:18.941Z",
    "section": 371,
    "maxgrades": 100,
    "student_grades": "{'mids': [36, 32, 48, 37, 36, 27, 17, 25, 39, 28, 32, 28, 32, 32, 32, 21, 33, 32, 32, 31, 11, 12, 20, 37, 41], 'finals': [29, 28, 47, 28, 24, 33, 22, 35, 36, 32, 29, 33, 32, 31, 30, 3, 31, 30, 29, 32, 25, 8, 12, 34, 34], 'totals': [65, 60, 95, 65, 60, 60, 39, 60, 75, 60, 61, 61, 64, 63, 62, 24, 64, 62, 61, 63, 36, 20, 32, 71, 75]}",
    "doc_mean": "58.3200",
    "doc_std_deviation": "16.4993",
    "doc_skewness": "-0.7183",
    "doc_correlation": "0.0001",
    "doc_max": "95.0000",
    "doc_min": "20.0000",
    "histogram": "data/media/histogram_section143.png",
    "doc_explanation": ""
  }
},
{
  "model": "measurement.sectiondocrequest",
  "pk": 81,
  "fields": {
    "created_date": "2019-01-04T20:47:19.330Z",
    "section": 364,
    "maxgrades": 100,
    "student_grades": "{'mids': [38, 32, 41, 17, 20, 15, 25, 21, 28, 31, 13, 32, 27, 26, 25, 33, 23, 37, 26, 32, 18, 42, 40, 29, 34, 40, 31, 35, 37, 31, 28, 33, 30, 12, 41, 34, 35, 30, 20, 19, 32, 24, 32, 30, 34, 31, 20], 'finals': [47, 43, 44, 14, 25, 2, 36, 25, 32, 29, 21, 30, 33, 0, 35, 42, 8, 40, 35, 29, 12, 43, 41, 37, 36, 37, 32, 25, 39, 29, 37, 42, 31, 32, 39, 31, 35, 30, 0, 16, 33, 20, 31, 30, 26, 34, 41], 'totals': [85, 75, 85, 31, 45, 17, 61, 46, 60, 60, 34, 62, 60, 26, 60, 75, 31, 77, 61, 61, 30, 85, 81, 66, 70, 77, 63, 60, 76, 60, 65, 75, 61, 44, 80, 65, 70, 60, 20, 35, 65, 44, 63, 60, 60, 65, 61]}",
    "doc_mean": "59.0000",
    "doc_std_deviation": "17.4219",
    "doc_skewness": "-0.7437",
    "doc_correlation": "0.0000",
    "doc_max": "85.0000",
    "doc_min": "17.0000",
    "histogram": "data/media/histogram_section126.png",
    "doc_explanation": ""
  }
},
{
  "model": "measurement.sectiondocrequest",
  "pk": 82,
  "fields": {
    "created_date": "2019-01-04T20:47:19.610Z",
    "section": 348,
    "maxgrades": 100,
    "student_grades": "{'mids': [25, 29, 40, 14, 34, 31, 31, 26, 24, 31, 31, 30, 29, 19, 19, 39, 40, 29, 19, 31, 36, 31, 29, 26, 19, 30, 27, 35, 25, 22], 'finals': [35, 33, 45, 24, 41, 29, 29, 35, 36, 29, 39, 30, 36, 22, 14, 48, 47, 39, 25, 29, 29, 45, 46, 34, 26, 35, 38, 42, 40, 43], 'totals': [60, 62, 85, 38, 75, 60, 60, 61, 60, 60, 70, 60, 65, 41, 33, 87, 87, 68, 44, 60, 65, 76, 75, 60, 45, 65, 65, 77, 65, 65]}",
    "doc_mean": "63.1333",
    "doc_std_deviation": "13.3358",
    "doc_skewness": "-0.3278",
    "doc_correlation": "0.0002",
    "doc_max": "87.0000",
    "doc_min": "33.0000",
    "histogram": "data/media/histogram_section107.png",
    "doc_explanation": ""
  }
},
{
  "model": "measurement.sectiondocrequest",
  "pk": 83,
  "fields": {
    "created_date": "2019-01-04T20:47:19.780Z",
    "section": 313,
    "maxgrades": 100,
    "student_grades": "{'mids': [33, 29, 33, 39, 36, 26, 32, 26, 32, 30], 'finals': [27, 31, 39, 41, 39, 22, 29, 15, 29, 18], 'totals': [60, 60, 72, 80, 75, 48, 61, 41, 61, 48]}",
    "doc_mean": "60.6000",
    "doc_std_deviation": "12.5450",
    "doc_skewness": "0.0168",
    "doc_correlation": "0.0027",
    "doc_max": "80.0000",
    "doc_min": "41.0000",
    "histogram": "data/media/histogram_section203.png",
    "doc_explanation": ""
  }
},
{
  "model": "measurement.sectiondocrequest",
  "pk": 84,
  "fields": {
    "created_date": "2019-01-04T20:47:20.194Z",
    "section": 399,
    "maxgrades": 100,
    "student_grades": "{'mids': [0, 50, 0, 41, 49, 33, 50, 26, 50, 50, 50, 50, 0, 46, 0, 41, 50, 25, 50, 50, 50, 48, 47, 50, 0, 50, 27, 39, 48, 50, 50, 38, 42, 37, 49, 50, 17, 35, 35, 24, 48, 50, 30, 37, 50, 32, 49, 50, 50, 47, 0, 47, 40, 50, 50, 50, 49, 50, 47, 0, 44, 48, 49, 44, 40, 31, 46, 48], 'finals': [0, 40, 34, 49, 41, 40, 37, 39, 33, 43, 50, 47, 0, 47, 0, 30, 45, 43, 46, 48, 45, 42, 49, 42, 0, 46, 43, 46, 42, 41, 40, 33, 48, 38, 48, 47, 26, 47, 35, 38, 47, 46, 30, 36, 47, 43, 44, 46, 47, 46, 0, 40, 46, 45, 48, 49, 50, 41, 35, 0, 46, 45, 46, 46, 38, 35, 29, 29], 'totals': [0, 90, 34, 90, 90, 73, 87, 65, 83, 93, 100, 97, 0, 93, 0, 71, 95, 68, 96, 98, 95, 90, 96, 92, 0, 96, 70, 85, 90, 91, 90, 71, 90, 75, 97, 97, 43, 82, 70, 62, 95, 96, 60, 73, 97, 75, 93, 96, 97, 93, 0, 87, 86, 95, 98, 99, 99, 91, 82, 0, 90, 93, 95, 90, 78, 66, 75, 77]}",
    "doc_mean": "77.6618",
    "doc_std_deviation": "27.6646",
    "doc_skewness": "-2.0082",
    "doc_correlation": "0.0000",
    "doc_max": "100.0000",
    "doc_min": "0.0000",
    "histogram": "data/media/histogram_section147.png",
    "doc_explanation": ""
  }
},
{
  "model": "measurement.sectiondocrequest",
  "pk": 85,
  "fields": {
    "created_date": "2019-01-04T20:47:20.439Z",
    "section": 378,
    "maxgrades": 100,
    "student_grades": "{'mids': [42, 50, 46, 50, 44, 46, 43, 46, 30, 49, 50, 37, 47, 50, 43, 50, 50, 50, 46, 46, 46, 47, 49, 48, 38, 44, 45, 50, 43, 42], 'finals': [35, 49, 48, 50, 39, 42, 47, 45, 45, 45, 49, 36, 48, 50, 43, 50, 47, 50, 49, 43, 43, 48, 48, 46, 32, 47, 48, 49, 48, 38], 'totals': [77, 99, 94, 100, 83, 88, 90, 91, 75, 94, 99, 73, 95, 100, 86, 100, 97, 100, 95, 89, 89, 95, 97, 94, 70, 91, 93, 99, 91, 80]}",
    "doc_mean": "90.8000",
    "doc_std_deviation": "8.5315",
    "doc_skewness": "-1.0420",
    "doc_correlation": "0.0002",
    "doc_max": "100.0000",
    "doc_min": "70.0000",
    "histogram": "data/media/histogram_section84.png",
    "doc_explanation": ""
  }
},
{
  "model": "measurement.sectiondocrequest",
  "pk": 86,
  "fields": {
    "created_date": "2019-01-04T20:47:20.730Z",
    "section": 387,
    "maxgrades": 100,
    "student_grades": "{'mids': [49, 29, 34, 39, 35, 47, 36, 47, 43, 37, 34, 45, 44, 34, 34, 28, 33, 44, 38, 36, 43], 'finals': [48, 31, 32, 36, 35, 43, 40, 44, 42, 38, 38, 46, 48, 28, 37, 39, 33, 42, 42, 39, 37], 'totals': [97, 60, 66, 75, 70, 90, 76, 91, 85, 75, 72, 91, 92, 62, 71, 67, 66, 86, 80, 75, 80]}",
    "doc_mean": "77.4762",
    "doc_std_deviation": "10.7778",
    "doc_skewness": "0.1931",
    "doc_correlation": "0.0001",
    "doc_max": "97.0000",
    "doc_min": "60.0000",
    "histogram": "data/media/histogram_section114.png",
    "doc_explanation": ""
  }
},
{
  "model": "measurement.sectiondocrequest",
  "pk": 87,
  "fields": {
    "created_date": "2019-01-04T20:47:21.104Z",
    "section": 372,
    "maxgrades": 100,
    "student_grades": "{'mids': [44, 24, 30, 19, 30, 34, 38, 24, 41, 38, 24, 28, 20, 44, 40], 'finals': [41, 36, 30, 21, 30, 36, 32, 36, 39, 23, 36, 24, 23, 42, 40], 'totals': [85, 60, 60, 40, 60, 70, 70, 60, 80, 61, 60, 52, 43, 86, 80]}",
    "doc_mean": "64.4667",
    "doc_std_deviation": "14.0299",
    "doc_skewness": "-0.0145",
    "doc_correlation": "0.0207",
    "doc_max": "86.0000",
    "doc_min": "40.0000",
    "histogram": "data/media/histogram_section142.png",
    "doc_explanation": ""
  }
},
{
  "model": "measurement.sectiondocrequest",
  "pk": 88,
  "fields": {
    "created_date": "2019-01-04T20:47:21.537Z",
    "section": 402,
    "maxgrades": 100,
    "student_grades": "{'mids': [36, 48, 0, 38, 46, 46, 47, 37, 0, 3, 46, 47, 47, 45, 50, 46, 45, 40, 45, 48, 0, 50, 30, 44, 46, 10, 44, 32, 33, 0, 0, 0, 0, 42, 45, 21, 45, 50, 46, 44, 46, 37, 36, 46, 45, 0, 25, 25, 33, 43, 35, 25, 42, 39, 47, 42, 47, 35, 38, 50, 24, 14, 33, 20, 50, 44, 48, 48, 41, 27, 47], 'finals': [39, 43, 0, 25, 49, 45, 45, 48, 0, 31, 44, 33, 48, 46, 45, 44, 40, 40, 35, 47, 0, 45, 30, 37, 49, 26, 46, 43, 27, 0, 0, 0, 0, 40, 47, 40, 36, 50, 44, 46, 41, 43, 34, 44, 41, 33, 35, 40, 42, 42, 40, 35, 33, 47, 48, 45, 43, 26, 42, 45, 36, 0, 29, 40, 45, 46, 47, 50, 25, 43, 48], 'totals': [75, 91, 0, 63, 95, 91, 92, 85, 0, 34, 90, 80, 95, 91, 95, 90, 85, 80, 80, 95, 0, 95, 60, 81, 95, 36, 90, 75, 60, 0, 0, 0, 0, 82, 92, 61, 81, 100, 90, 90, 87, 80, 70, 90, 86, 33, 60, 65, 75, 85, 75, 60, 75, 86, 95, 87, 90, 61, 80, 95, 60, 14, 62, 60, 95, 90, 95, 98, 66, 70, 95]}",
    "doc_mean": "70.9155",
    "doc_std_deviation": "29.0171",
    "doc_skewness": "-1.5111",
    "doc_correlation": "0.0000",
    "doc_max": "100.0000",
    "doc_min": "0.0000",
    "histogram": "data/media/histogram_section153.png",
    "doc_explanation": ""
  }
},
{
  "model": "measurement.sectiondocrequest",
  "pk": 89,
  "fields": {
    "created_date": "2019-01-04T20:47:21.834Z",
    "section": 344,
    "maxgrades": 100,
    "student_grades": "{'mids': [40, 37, 34, 38, 40, 20, 40, 27, 39, 36, 33, 45, 38, 33, 45, 38, 35, 39, 36, 20], 'finals': [32, 23, 31, 22, 35, 22, 20, 20, 36, 24, 27, 15, 22, 27, 47, 22, 25, 21, 24, 21], 'totals': [72, 60, 65, 60, 75, 42, 60, 47, 75, 60, 60, 60, 60, 60, 92, 60, 60, 60, 60, 41]}",
    "doc_mean": "61.4500",
    "doc_std_deviation": "11.3670",
    "doc_skewness": "0.6268",
    "doc_correlation": "0.1714",
    "doc_max": "92.0000",
    "doc_min": "41.0000",
    "histogram": "data/media/histogram_section95.png",
    "doc_explanation": ""
  }
},
{
  "model": "measurement.sectiondocrequest",
  "pk": 90,
  "fields": {
    "created_date": "2019-01-04T20:47:22.143Z",
    "section": 359,
    "maxgrades": 100,
    "student_grades": "{'mids': [40, 26, 31, 22, 25, 32, 32, 40, 14, 40, 40, 44, 36, 29, 18, 30, 43, 30, 25, 39, 43, 37, 39, 32, 30, 36, 36, 29, 42, 36, 44, 34, 43, 28, 32, 25, 20, 30], 'finals': [40, 25, 29, 19, 28, 33, 28, 27, 22, 45, 40, 36, 34, 36, 24, 30, 42, 35, 20, 31, 48, 23, 41, 39, 32, 30, 26, 31, 43, 24, 36, 36, 34, 32, 28, 35, 23, 30], 'totals': [80, 51, 60, 41, 53, 65, 60, 67, 36, 85, 80, 80, 70, 65, 42, 60, 85, 65, 45, 70, 91, 60, 80, 71, 62, 66, 62, 60, 85, 60, 80, 70, 77, 60, 60, 60, 43, 60]}",
    "doc_mean": "64.9211",
    "doc_std_deviation": "13.4554",
    "doc_skewness": "-0.1457",
    "doc_correlation": "0.0000",
    "doc_max": "91.0000",
    "doc_min": "36.0000",
    "histogram": "data/media/histogram_section129.png",
    "doc_explanation": ""
  }
},
{
  "model": "measurement.sectiondocrequest",
  "pk": 91,
  "fields": {
    "created_date": "2019-01-04T20:47:22.471Z",
    "section": 370,
    "maxgrades": 100,
    "student_grades": "{'mids': [13, 39, 46, 13, 32, 30, 32, 32, 20, 36, 34, 44, 32, 32, 32, 32, 40, 29, 24, 30, 32, 23, 31, 43, 23, 40, 32, 40, 32, 19, 25, 17, 31, 28, 20, 14, 30, 20, 36], 'finals': [19, 36, 44, 16, 28, 30, 28, 29, 14, 25, 27, 41, 28, 30, 28, 28, 35, 31, 11, 40, 28, 16, 30, 32, 6, 40, 28, 35, 29, 19, 11, 20, 29, 32, 21, 16, 30, 10, 34], 'totals': [32, 75, 90, 29, 60, 60, 60, 61, 34, 61, 61, 85, 60, 62, 60, 60, 75, 60, 35, 70, 60, 39, 61, 75, 29, 80, 60, 75, 61, 38, 36, 37, 60, 60, 41, 30, 60, 30, 70]}",
    "doc_mean": "56.2051",
    "doc_std_deviation": "16.7571",
    "doc_skewness": "-0.1871",
    "doc_correlation": "0.0000",
    "doc_max": "90.0000",
    "doc_min": "29.0000",
    "histogram": "data/media/histogram_section136.png",
    "doc_explanation": ""
  }
},
{
  "model": "measurement.sectiondocrequest",
  "pk": 92,
  "fields": {
    "created_date": "2019-01-04T20:47:22.722Z",
    "section": 297,
    "maxgrades": 100,
    "student_grades": "{'mids': [43, 46, 36, 40, 44, 35, 48, 38, 37, 46, 40], 'finals': [44, 45, 44, 37, 47, 41, 28, 43, 40, 44, 47], 'totals': [87, 91, 80, 77, 91, 76, 76, 81, 77, 90, 87]}",
    "doc_mean": "83.0000",
    "doc_std_deviation": "6.2610",
    "doc_skewness": "0.1703",
    "doc_correlation": "0.5237",
    "doc_max": "91.0000",
    "doc_min": "76.0000",
    "histogram": "data/media/histogram_section54.png",
    "doc_explanation": ""
  }
},
{
  "model": "measurement.sectiondocrequest",
  "pk": 93,
  "fields": {
    "created_date": "2019-01-04T20:47:23.004Z",
    "section": 386,
    "maxgrades": 100,
    "student_grades": "{'mids': [25, 37, 37, 35, 30, 38, 36, 41, 45, 41, 36, 31, 31, 32, 35, 41, 30, 35, 28, 14, 30, 37, 37], 'finals': [35, 33, 28, 38, 35, 39, 41, 39, 43, 41, 35, 36, 35, 33, 32, 41, 19, 25, 32, 14, 30, 44, 33], 'totals': [60, 70, 65, 73, 65, 77, 77, 80, 88, 82, 71, 67, 66, 65, 67, 82, 49, 60, 60, 28, 60, 81, 70]}",
    "doc_mean": "67.9565",
    "doc_std_deviation": "12.7189",
    "doc_skewness": "-1.2943",
    "doc_correlation": "0.0002",
    "doc_max": "88.0000",
    "doc_min": "28.0000",
    "histogram": "data/media/histogram_section109.png",
    "doc_explanation": ""
  }
},
{
  "model": "measurement.sectiondocrequest",
  "pk": 94,
  "fields": {
    "created_date": "2019-01-04T20:47:23.265Z",
    "section": 320,
    "maxgrades": 100,
    "student_grades": "{'mids': [38, 42, 42, 46, 42, 31, 35], 'finals': [25, 33, 33, 46, 41, 31, 38], 'totals': [63, 75, 75, 92, 83, 62, 73]}",
    "doc_mean": "74.7143",
    "doc_std_deviation": "10.5627",
    "doc_skewness": "0.4090",
    "doc_correlation": "0.2229",
    "doc_max": "92.0000",
    "doc_min": "62.0000",
    "histogram": "data/media/histogram_section56.png",
    "doc_explanation": ""
  }
},
{
  "model": "measurement.sectiondocrequest",
  "pk": 95,
  "fields": {
    "created_date": "2019-01-04T20:47:23.681Z",
    "section": 334,
    "maxgrades": 100,
    "student_grades": "{'mids': [39, 39, 39, 40, 40, 47, 26, 32, 29, 29, 36, 33, 36, 27, 26, 35, 43, 35, 43, 20, 47, 35, 49, 41], 'finals': [34, 38, 41, 31, 41, 48, 25, 28, 19, 32, 36, 27, 29, 23, 34, 40, 43, 30, 47, 26, 45, 28, 49, 37], 'totals': [73, 77, 80, 71, 81, 95, 51, 60, 48, 61, 72, 60, 65, 50, 60, 75, 86, 65, 90, 46, 92, 63, 98, 78]}",
    "doc_mean": "70.7083",
    "doc_std_deviation": "15.0520",
    "doc_skewness": "0.1242",
    "doc_correlation": "0.0000",
    "doc_max": "98.0000",
    "doc_min": "46.0000",
    "histogram": "data/media/histogram_section196.png",
    "doc_explanation": ""
  }
},
{
  "model": "measurement.sectiondocrequest",
  "pk": 96,
  "fields": {
    "created_date": "2019-01-04T20:47:23.891Z",
    "section": 311,
    "maxgrades": 100,
    "student_grades": "{'mids': [35, 35, 34, 38, 35, 39, 34, 35, 38, 35, 35, 35, 33, 39, 38], 'finals': [26, 25, 31, 37, 25, 34, 0, 28, 28, 32, 16, 25, 27, 26, 29], 'totals': [61, 60, 65, 75, 60, 73, 34, 63, 66, 67, 51, 60, 60, 65, 67]}",
    "doc_mean": "61.8000",
    "doc_std_deviation": "9.6229",
    "doc_skewness": "-1.7241",
    "doc_correlation": "0.1173",
    "doc_max": "75.0000",
    "doc_min": "34.0000",
    "histogram": "data/media/histogram_section119.png",
    "doc_explanation": ""
  }
},
{
  "model": "measurement.sectiondocrequest",
  "pk": 97,
  "fields": {
    "created_date": "2019-01-04T20:47:24.200Z",
    "section": 353,
    "maxgrades": 100,
    "student_grades": "{'mids': [37, 34, 31, 31, 33, 41, 30, 31, 31, 25, 44, 35, 37, 34, 30, 30, 23, 30, 24, 33, 39], 'finals': [28, 26, 30, 13, 38, 41, 30, 29, 29, 13, 21, 25, 48, 26, 18, 40, 21, 17, 21, 44, 22], 'totals': [65, 60, 61, 44, 71, 82, 60, 60, 60, 38, 65, 60, 85, 60, 48, 70, 44, 47, 45, 77, 61]}",
    "doc_mean": "60.1429",
    "doc_std_deviation": "12.6581",
    "doc_skewness": "0.1704",
    "doc_correlation": "0.1304",
    "doc_max": "85.0000",
    "doc_min": "38.0000",
    "histogram": "data/media/histogram_section118.png",
    "doc_explanation": ""
  }
},
{
  "model": "measurement.sectiondocrequest",
  "pk": 98,
  "fields": {
    "created_date": "2019-01-04T20:47:24.480Z",
    "section": 395,
    "maxgrades": 100,
    "student_grades": "{'mids': [41, 46, 36, 41, 46, 30, 36, 36, 37, 40, 28, 29, 45, 47, 34, 2, 47], 'finals': [19, 42, 17, 20, 34, 21, 31, 0, 34, 30, 16, 22, 34, 39, 0, 0, 41], 'totals': [60, 88, 53, 61, 80, 51, 67, 36, 71, 70, 44, 51, 79, 86, 34, 2, 88]}",
    "doc_mean": "60.0588",
    "doc_std_deviation": "22.8568",
    "doc_skewness": "-0.9187",
    "doc_correlation": "0.0022",
    "doc_max": "88.0000",
    "doc_min": "2.0000",
    "histogram": "data/media/histogram_section99.png",
    "doc_explanation": ""
  }
},
{
  "model": "measurement.coursedocrequest",
  "pk": 1,
  "fields": {
    "created_date": "2019-01-04T21:38:42.848Z",
    "course": 61,
    "doc_mean": "66.8200",
    "doc_std_deviation": "13.4812",
    "doc_skewness": "-2.1100",
    "doc_correlation": "0.0276",
    "doc_max": "92.0000",
    "doc_min": "3.0000",
    "histogram": "data/media/histogram_course_\u0645\u062f\u062e\u0644 \u0627\u0644\u0649 \u0627\u0644\u062d\u0627\u0633\u0628.png",
    "doc_ttest_annova_type": "T-Test",
    "doc_ttest_annova_value": "-1.9387",
    "doc_ttest_annova_sig": "0.0584",
    "doc_explanation": ""
  }
},
{
  "model": "measurement.coursedocrequest",
  "pk": 4,
  "fields": {
    "created_date": "2019-01-04T21:38:49.151Z",
    "course": 119,
    "doc_mean": "68.3571",
    "doc_std_deviation": "13.4578",
    "doc_skewness": "0.0031",
    "doc_correlation": "0.0004",
    "doc_max": "95.0000",
    "doc_min": "42.0000",
    "histogram": "data/media/histogram_course_\u0627\u0644\u0642\u0648\u0627\u0639\u062f - 1.png",
    "doc_ttest_annova_type": "ANOVA",
    "doc_ttest_annova_value": "3.7869",
    "doc_ttest_annova_sig": "0.0314",
    "doc_explanation": ""
  }
},
{
  "model": "measurement.coursedocrequest",
  "pk": 68,
  "fields": {
    "created_date": "2019-01-04T21:50:17.085Z",
    "course": 118,
    "doc_mean": "72.1341",
    "doc_std_deviation": "14.0315",
    "doc_skewness": "-0.9274",
    "doc_correlation": "0.0000",
    "doc_max": "98.0000",
    "doc_min": "26.0000",
    "histogram": "data/media/histogram_course_\u0628\u0631\u0646\u0627\u0645\u062c \u0627\u0644\u0644\u063a\u0629 \u0627\u0644\u0627\u0646\u062c\u0644\u064a\u0632\u064a\u0629 \u0627\u0644\u0645\u0643\u062b\u0641 - 1.png",
    "doc_ttest_annova_type": "T-Test",
    "doc_ttest_annova_value": "-5.2478",
    "doc_ttest_annova_sig": "0.0000",
    "doc_explanation": ""
  }
},
{
  "model": "measurement.coursedocrequest",
  "pk": 69,
  "fields": {
    "created_date": "2019-01-04T21:50:17.509Z",
    "course": 111,
    "doc_mean": "83.6667",
    "doc_std_deviation": "16.8762",
    "doc_skewness": "-1.4752",
    "doc_correlation": "0.0000",
    "doc_max": "100.0000",
    "doc_min": "32.0000",
    "histogram": "data/media/histogram_course_\u0627\u0644\u0627\u0633\u062a\u0645\u0627\u0639 \u0648\u0627\u0644\u062a\u062d\u062f\u062b - 1.png",
    "doc_ttest_annova_type": "T-Test",
    "doc_ttest_annova_value": "7.6268",
    "doc_ttest_annova_sig": "0.0000",
    "doc_explanation": ""
  }
},
{
  "model": "measurement.coursedocrequest",
  "pk": 70,
  "fields": {
    "created_date": "2019-01-04T21:50:18.585Z",
    "course": 115,
    "doc_mean": "75.1000",
    "doc_std_deviation": "14.8852",
    "doc_skewness": "-0.4132",
    "doc_correlation": "0.0039",
    "doc_max": "94.0000",
    "doc_min": "46.0000",
    "histogram": "data/media/histogram_course_\u0627\u0644\u0627\u0633\u062a\u0645\u0627\u0639 \u0648\u0627\u0644\u062a\u062d\u062f\u062b - 2.png",
    "doc_ttest_annova_type": "T-Test",
    "doc_ttest_annova_value": "-3.9153",
    "doc_ttest_annova_sig": "0.0010",
    "doc_explanation": ""
  }
},
{
  "model": "measurement.coursedocrequest",
  "pk": 71,
  "fields": {
    "created_date": "2019-01-04T21:50:19.108Z",
    "course": 83,
    "doc_mean": "60.8400",
    "doc_std_deviation": "20.7358",
    "doc_skewness": "-0.7366",
    "doc_correlation": "0.0000",
    "doc_max": "90.0000",
    "doc_min": "14.0000",
    "histogram": "data/media/histogram_course_\u0627\u0644\u0643\u062a\u0627\u0628\u0629 - 2.png",
    "doc_ttest_annova_type": "T-Test",
    "doc_ttest_annova_value": "-0.2174",
    "doc_ttest_annova_sig": "0.8298",
    "doc_explanation": ""
  }
},
{
  "model": "measurement.coursedocrequest",
  "pk": 72,
  "fields": {
    "created_date": "2019-01-04T21:50:19.626Z",
    "course": 84,
    "doc_mean": "63.6176",
    "doc_std_deviation": "12.0580",
    "doc_skewness": "0.6530",
    "doc_correlation": "0.0043",
    "doc_max": "96.0000",
    "doc_min": "41.0000",
    "histogram": "data/media/histogram_course_\u0627\u0644\u0645\u0647\u0627\u0631\u0627\u062a \u0627\u0644\u062f\u0631\u0627\u0633\u064a\u0629.png",
    "doc_ttest_annova_type": "T-Test",
    "doc_ttest_annova_value": "-1.2642",
    "doc_ttest_annova_sig": "0.2153",
    "doc_explanation": ""
  }
},
{
  "model": "measurement.coursedocrequest",
  "pk": 73,
  "fields": {
    "created_date": "2019-01-04T21:50:19.965Z",
    "course": 116,
    "doc_mean": "70.0000",
    "doc_std_deviation": "12.7279",
    "doc_skewness": "-0.6925",
    "doc_correlation": "0.0000",
    "doc_max": "93.0000",
    "doc_min": "28.0000",
    "histogram": "data/media/histogram_course_\u0627\u0644\u0627\u0633\u062a\u0645\u0627\u0639 \u0648\u0627\u0644\u062a\u062d\u062f\u062b - 3.png",
    "doc_ttest_annova_type": "T-Test",
    "doc_ttest_annova_value": "1.1673",
    "doc_ttest_annova_sig": "0.2502",
    "doc_explanation": ""
  }
},
{
  "model": "measurement.coursedocrequest",
  "pk": 74,
  "fields": {
    "created_date": "2019-01-04T21:50:20.309Z",
    "course": 85,
    "doc_mean": "69.5161",
    "doc_std_deviation": "14.6489",
    "doc_skewness": "0.2041",
    "doc_correlation": "0.0002",
    "doc_max": "95.0000",
    "doc_min": "43.0000",
    "histogram": "data/media/histogram_course_\u0627\u0644\u0642\u0631\u0627\u0621\u0629 \u0648\u0627\u0644\u0627\u0633\u062a\u064a\u0639\u0627\u0628 - 3.png",
    "doc_ttest_annova_type": "T-Test",
    "doc_ttest_annova_value": "-0.3289",
    "doc_ttest_annova_sig": "0.7446",
    "doc_explanation": ""
  }
},
{
  "model": "measurement.coursedocrequest",
  "pk": 75,
  "fields": {
    "created_date": "2019-01-04T21:50:21.313Z",
    "course": 117,
    "doc_mean": "76.1053",
    "doc_std_deviation": "11.2269",
    "doc_skewness": "-0.2921",
    "doc_correlation": "0.0000",
    "doc_max": "97.0000",
    "doc_min": "47.0000",
    "histogram": "data/media/histogram_course_\u0627\u0644\u0627\u0633\u062a\u0645\u0627\u0639 \u0648\u0627\u0644\u062a\u062d\u062f\u062b - 4.png",
    "doc_ttest_annova_type": "T-Test",
    "doc_ttest_annova_value": "0.8332",
    "doc_ttest_annova_sig": "0.4102",
    "doc_explanation": ""
  }
},
{
  "model": "measurement.coursedocrequest",
  "pk": 76,
  "fields": {
    "created_date": "2019-01-04T21:50:22.056Z",
    "course": 91,
    "doc_mean": "67.1600",
    "doc_std_deviation": "11.9409",
    "doc_skewness": "-0.0611",
    "doc_correlation": "0.0793",
    "doc_max": "90.0000",
    "doc_min": "38.0000",
    "histogram": "data/media/histogram_course_\u0627\u0644\u0642\u0648\u0627\u0639\u062f - 4.png",
    "doc_ttest_annova_type": "T-Test",
    "doc_ttest_annova_value": "0.8033",
    "doc_ttest_annova_sig": "0.4258",
    "doc_explanation": ""
  }
},
{
  "model": "measurement.coursedocrequest",
  "pk": 77,
  "fields": {
    "created_date": "2019-01-04T21:50:22.413Z",
    "course": 92,
    "doc_mean": "64.8889",
    "doc_std_deviation": "18.6431",
    "doc_skewness": "-0.1783",
    "doc_correlation": "0.0000",
    "doc_max": "97.0000",
    "doc_min": "31.0000",
    "histogram": "data/media/histogram_course_\u0628\u0646\u0627\u0621 \u0627\u0644\u0645\u0641\u0631\u062f\u0627\u062a - 2.png",
    "doc_ttest_annova_type": "T-Test",
    "doc_ttest_annova_value": "-1.3776",
    "doc_ttest_annova_sig": "0.1805",
    "doc_explanation": ""
  }
},
{
  "model": "measurement.coursedocrequest",
  "pk": 78,
  "fields": {
    "created_date": "2019-01-04T21:50:23.122Z",
    "course": 95,
    "doc_mean": "62.0385",
    "doc_std_deviation": "13.8209",
    "doc_skewness": "-0.6823",
    "doc_correlation": "0.0000",
    "doc_max": "95.0000",
    "doc_min": "20.0000",
    "histogram": "data/media/histogram_course_\u0627\u0644\u062a\u0643\u0646\u0648\u0644\u0648\u062c\u064a\u0627 \u0648\u062a\u0639\u0644\u0645 \u0627\u0644\u0644\u063a\u0629.png",
    "doc_ttest_annova_type": "T-Test",
    "doc_ttest_annova_value": "0.0881",
    "doc_ttest_annova_sig": "0.9302",
    "doc_explanation": ""
  }
},
{
  "model": "measurement.coursedocrequest",
  "pk": 79,
  "fields": {
    "created_date": "2019-01-04T21:50:27.420Z",
    "course": 121,
    "doc_mean": "72.4706",
    "doc_std_deviation": "32.4761",
    "doc_skewness": "-1.4911",
    "doc_correlation": "0.0000",
    "doc_max": "100.0000",
    "doc_min": "0.0000",
    "histogram": "data/media/histogram_course_\u0627\u0644\u0645\u062f\u062e\u0644 \u0627\u0644\u0649 \u0627\u0644\u062b\u0642\u0627\u0641\u0629 \u0627\u0644\u0627\u0633\u0644\u0627\u0645\u064a\u0629.png",
    "doc_ttest_annova_type": "T-Test",
    "doc_ttest_annova_value": "1.8816",
    "doc_ttest_annova_sig": "0.0621",
    "doc_explanation": ""
  }
},
{
  "model": "measurement.coursedocrequest",
  "pk": 80,
  "fields": {
    "created_date": "2019-01-04T21:50:29.261Z",
    "course": 78,
    "doc_mean": "66.0968",
    "doc_std_deviation": "17.6529",
    "doc_skewness": "-0.1368",
    "doc_correlation": "0.0000",
    "doc_max": "98.0000",
    "doc_min": "27.0000",
    "histogram": "data/media/histogram_course_\u0645\u0628\u0627\u062f\u064a\u0621 \u0639\u0644\u0645 \u0627\u0644\u0641\u064a\u0632\u064a\u0627\u0621.png",
    "doc_ttest_annova_type": "T-Test",
    "doc_ttest_annova_value": "-3.0410",
    "doc_ttest_annova_sig": "0.0050",
    "doc_explanation": ""
  }
},
{
  "model": "measurement.sectionanalysisreport",
  "pk": 1,
  "fields": {
    "upload_date": "2019-01-05T09:27:59Z",
    "section": 402,
    "file": "Measurements/Sections/Section_153.pdf",
    "remarks": "The file needs to be Doc or PDF"
  }
},
{
  "model": "measurement.sectionanalysisreport",
  "pk": 2,
  "fields": {
    "upload_date": "2019-01-05T09:32:15Z",
    "section": 403,
    "file": "Measurements/Sections/Section_155.pdf",
    "remarks": "The file needs to be in doc or pdf format."
  }
},
{
  "model": "measurement.sectionanalysisreport",
  "pk": 3,
  "fields": {
    "upload_date": "2019-01-05T09:35:15Z",
    "section": 399,
    "file": "Measurements/Sections/Section_147.docx",
    "remarks": "Ok"
  }
},
{
  "model": "measurement.sectionanalysisreport",
  "pk": 4,
  "fields": {
    "upload_date": "2019-01-05T09:35:44Z",
    "section": 401,
    "file": "Measurements/Sections/Section_151.docx",
    "remarks": "OK"
  }
},
{
  "model": "measurement.sectionanalysisreport",
  "pk": 5,
  "fields": {
    "upload_date": "2019-01-05T09:52:41Z",
    "section": 406,
    "file": "Measurements/Sections/Section_163.docx",
    "remarks": "ok"
  }
},
{
  "model": "measurement.sectionanalysisreport",
  "pk": 6,
  "fields": {
    "upload_date": "2019-01-05T09:52:58Z",
    "section": 405,
    "file": "Measurements/Sections/Section_208.docx",
    "remarks": "ok"
  }
},
{
  "model": "measurement.sectionanalysisreport",
  "pk": 7,
  "fields": {
    "upload_date": "2019-01-05T09:55:23Z",
    "section": 290,
    "file": "Measurements/Sections/Section_018.docx",
    "remarks": "ok"
  }
},
{
  "model": "measurement.sectionanalysisreport",
  "pk": 8,
  "fields": {
    "upload_date": "2019-01-05T09:55:47Z",
    "section": 292,
    "file": "Measurements/Sections/Section_028.docx",
    "remarks": "ok"
  }
},
{
  "model": "measurement.sectionanalysisreport",
  "pk": 9,
  "fields": {
    "upload_date": "2019-01-05T09:55:59Z",
    "section": 295,
    "file": "Measurements/Sections/Section_034.docx",
    "remarks": "ok"
  }
},
{
  "model": "measurement.sectionanalysisreport",
  "pk": 10,
  "fields": {
    "upload_date": "2019-01-05T09:56:13Z",
    "section": 299,
    "file": "Measurements/Sections/Section_048.docx",
    "remarks": "ok"
  }
},
{
  "model": "measurement.sectionanalysisreport",
  "pk": 11,
  "fields": {
    "upload_date": "2019-01-05T09:56:25Z",
    "section": 304,
    "file": "Measurements/Sections/Section_060.docx",
    "remarks": "ok"
  }
},
{
  "model": "measurement.sectionanalysisreport",
  "pk": 12,
  "fields": {
    "upload_date": "2019-01-05T09:56:36Z",
    "section": 313,
    "file": "Measurements/Sections/Section_203.docx",
    "remarks": "ok"
  }
},
{
  "model": "measurement.sectionanalysisreport",
  "pk": 13,
  "fields": {
    "upload_date": "2019-01-05T10:02:44Z",
    "section": 296,
    "file": "Measurements/Sections/Section_038.docx",
    "remarks": "Ok"
  }
},
{
  "model": "measurement.sectionanalysisreport",
  "pk": 14,
  "fields": {
    "upload_date": "2019-01-05T10:02:58Z",
    "section": 319,
    "file": "Measurements/Sections/Section_040.docx",
    "remarks": "ok"
  }
},
{
  "model": "measurement.sectionanalysisreport",
  "pk": 15,
  "fields": {
    "upload_date": "2019-01-05T10:03:09Z",
    "section": 301,
    "file": "Measurements/Sections/Section_044.docx",
    "remarks": "ok"
  }
},
{
  "model": "measurement.sectionanalysisreport",
  "pk": 16,
  "fields": {
    "upload_date": "2019-01-05T10:03:19Z",
    "section": 286,
    "file": "Measurements/Sections/Section_050.docx",
    "remarks": "ok"
  }
},
{
  "model": "measurement.sectionanalysisreport",
  "pk": 17,
  "fields": {
    "upload_date": "2019-01-05T10:03:52Z",
    "section": 320,
    "file": "Measurements/Sections/Section_056.docx",
    "remarks": "ok"
  }
},
{
  "model": "measurement.sectionanalysisreport",
  "pk": 18,
  "fields": {
    "upload_date": "2019-01-05T10:13:21Z",
    "section": 342,
    "file": "Measurements/Sections/Section_092.docx",
    "remarks": "Results need explanations."
  }
},
{
  "model": "measurement.sectionanalysisreport",
  "pk": 19,
  "fields": {
    "upload_date": "2019-01-05T10:14:05Z",
    "section": 344,
    "file": "Measurements/Sections/Section_095.docx",
    "remarks": "Results need explanations."
  }
},
{
  "model": "measurement.sectionanalysisreport",
  "pk": 20,
  "fields": {
    "upload_date": "2019-01-05T10:14:40Z",
    "section": 346,
    "file": "Measurements/Sections/Section_110.docx",
    "remarks": "Results need explanations."
  }
},
{
  "model": "measurement.sectionanalysisreport",
  "pk": 21,
  "fields": {
    "upload_date": "2019-01-05T10:15:02Z",
    "section": 398,
    "file": "Measurements/Sections/Section_113.docx",
    "remarks": "Results need explanations."
  }
},
{
  "model": "measurement.sectionanalysisreport",
  "pk": 22,
  "fields": {
    "upload_date": "2019-01-05T10:18:38Z",
    "section": 387,
    "file": "Measurements/Sections/Section_114.docx",
    "remarks": "Results need explanations."
  }
},
{
  "model": "measurement.sectionanalysisreport",
  "pk": 23,
  "fields": {
    "upload_date": "2019-01-05T10:19:22Z",
    "section": 388,
    "file": "Measurements/Sections/Section_121.docx",
    "remarks": "Results need explanations."
  }
},
{
  "model": "measurement.sectionanalysisreport",
  "pk": 24,
  "fields": {
    "upload_date": "2019-01-05T10:19:36Z",
    "section": 308,
    "file": "Measurements/Sections/Section_185.docx",
    "remarks": "Ok."
  }
},
{
  "model": "measurement.sectionanalysisreport",
  "pk": 25,
  "fields": {
    "upload_date": "2019-01-05T12:23:20Z",
    "section": 294,
    "file": "Measurements/Sections/Section_022.pdf",
    "remarks": "Ok"
  }
},
{
  "model": "measurement.sectionanalysisreport",
  "pk": 26,
  "fields": {
    "upload_date": "2019-01-05T12:34:56Z",
    "section": 288,
    "file": "Measurements/Sections/Section_005.pdf",
    "remarks": "Ok"
  }
},
{
  "model": "measurement.sectionanalysisreport",
  "pk": 27,
  "fields": {
    "upload_date": "2019-01-05T12:45:12Z",
    "section": 293,
    "file": "Measurements/Sections/Section_030.pdf",
    "remarks": "Ok."
  }
},
{
  "model": "measurement.sectionanalysisreport",
  "pk": 28,
  "fields": {
    "upload_date": "2019-01-05T13:16:37Z",
    "section": 316,
    "file": "Measurements/Sections/Section_219.pdf",
    "remarks": "Ok"
  }
},
{
  "model": "measurement.sectionanalysisreport",
  "pk": 29,
  "fields": {
    "upload_date": "2019-01-05T13:17:15Z",
    "section": 323,
    "file": "Measurements/Sections/Section_182.pdf",
    "remarks": "Ok"
  }
},
{
  "model": "measurement.courseanalysisreport",
  "pk": 2,
  "fields": {
    "upload_date": "2019-01-05T09:36:09Z",
    "course": 122,
    "file": "Measurements/Courses/Course_\u0627\u0644\u0645\u062f\u062e\u0644_\u0625\u0644\u0649_\u0627\u0644\u062b\u0642\u0627\u0641\u0629_\u0627\u0644\u0625\u0633\u0644\u0627\u0645\u064a\u0629_112\u0633\u0644\u06452_qiwl1wH.docx",
    "remarks": "ok"
  }
},
{
  "model": "measurement.courseanalysisreport",
  "pk": 3,
  "fields": {
    "upload_date": "2019-01-05T10:20:52Z",
    "course": 84,
    "file": "Measurements/Courses/Course_118-ENG-2_Study_Skills.docx",
    "remarks": "Results need explanations."
  }
},
{
  "model": "measurement.courseanalysisreport",
  "pk": 4,
  "fields": {
    "upload_date": "2019-01-05T10:21:28Z",
    "course": 117,
    "file": "Measurements/Courses/Course_215-ENG-3_Listening_and_Speaking_-_4.docx",
    "remarks": "Results need explanations."
  }
},
{
  "model": "importManager.uploaddocument",
  "pk": 1,
  "fields": {
    "upload_document_description": "File containing departments, courses, sections and teachers  - Term I - 1439/1440.",
    "upload_document_document": "documents/upload/ZARKA.xlsx",
    "upload_document_uploaded_at": "2019-01-03T17:46:43.300Z"
  }
},
{
  "model": "importManager.uploaddocument",
  "pk": 2,
  "fields": {
    "upload_document_description": "Translation File",
    "upload_document_document": "documents/upload/translations.csv",
    "upload_document_uploaded_at": "2019-01-03T18:37:46.587Z"
  }
},
{
  "model": "importManager.uploaddocument",
  "pk": 3,
  "fields": {
    "upload_document_description": "Section1",
    "upload_document_document": "documents/upload/section_1.xls",
    "upload_document_uploaded_at": "2019-01-04T19:59:46.322Z"
  }
},
{
  "model": "importManager.uploaddocument",
  "pk": 4,
  "fields": {
    "upload_document_description": "Section2",
    "upload_document_document": "documents/upload/section_2.xls",
    "upload_document_uploaded_at": "2019-01-04T19:59:55.287Z"
  }
},
{
  "model": "importManager.uploaddocument",
  "pk": 5,
  "fields": {
    "upload_document_description": "section5",
    "upload_document_document": "documents/upload/section_5.xls",
    "upload_document_uploaded_at": "2019-01-04T20:00:03.687Z"
  }
},
{
  "model": "importManager.uploaddocument",
  "pk": 6,
  "fields": {
    "upload_document_description": "section8",
    "upload_document_document": "documents/upload/section_8.xls",
    "upload_document_uploaded_at": "2019-01-04T20:00:14.478Z"
  }
},
{
  "model": "importManager.generateddocument",
  "pk": 1,
  "fields": {
    "generated_document_description": "Generated Document for Translation",
    "generated_document_document": "documents/generated/generated_translations.csv",
    "generated_document_generated_at": "2019-01-03T19:02:03.801Z"
  }
},
{
  "model": "importManager.generateddocument",
  "pk": 2,
  "fields": {
    "generated_document_description": "Generated Document for Translation",
    "generated_document_document": "documents/generated/generated_translations_ySE1dOB.csv",
    "generated_document_generated_at": "2019-01-03T19:11:43.124Z"
  }
},
{
  "model": "importManager.generateddocument",
  "pk": 3,
  "fields": {
    "generated_document_description": "Generated Document for Translation",
    "generated_document_document": "documents/generated/generated_translations.csv",
    "generated_document_generated_at": "2019-01-03T19:15:47.567Z"
  }
},
{
  "model": "importManager.translation",
  "pk": 1,
  "fields": {
    "translation_ar": "aaa",
    "translation_en": "aaa"
  }
},
{
  "model": "importManager.translation",
  "pk": 2,
  "fields": {
    "translation_ar": "\u0623\u062e\u0644\u0627\u0642\u064a\u0627\u062a \u0627\u0644\u062d\u0648\u0633\u0628\u0629 \u0648\u0627\u0644\u0645\u062c\u062a\u0645\u0639",
    "translation_en": "Computing Ethics & Society"
  }
},
{
  "model": "importManager.translation",
  "pk": 3,
  "fields": {
    "translation_ar": "\u0623\u0635\u0648\u0644 \u0627\u0644\u0627\u062f\u0627\u0631\u0629",
    "translation_en": "Asset Management"
  }
},
{
  "model": "importManager.translation",
  "pk": 4,
  "fields": {
    "translation_ar": "\u0625\u062f\u0627\u0631\u0629 \u0623\u0639\u0645\u0627\u0644",
    "translation_en": "Business Administration"
  }
},
{
  "model": "importManager.translation",
  "pk": 5,
  "fields": {
    "translation_ar": "\u0627\u062d\u064a\u0627\u0621 \u0639\u0627\u0645\u0629",
    "translation_en": "General revival"
  }
},
{
  "model": "importManager.translation",
  "pk": 6,
  "fields": {
    "translation_ar": "\u0627\u062f\u0627\u0631\u0629 \u0645\u0634\u0631\u0648\u0639\u0627\u062a \u0627\u0644\u0628\u0631\u0645\u062c\u064a\u0627\u062a",
    "translation_en": "Software Projects Management"
  }
},
{
  "model": "importManager.translation",
  "pk": 7,
  "fields": {
    "translation_ar": "\u0627\u0644\u0623\u062d\u064a\u0627\u0621",
    "translation_en": "Biology"
  }
},
{
  "model": "importManager.translation",
  "pk": 8,
  "fields": {
    "translation_ar": "\u0627\u0644\u0623\u0639\u0645\u0627\u0644",
    "translation_en": "Business"
  }
},
{
  "model": "importManager.translation",
  "pk": 9,
  "fields": {
    "translation_ar": "\u0627\u0644\u0627\u0633\u062a\u0645\u0627\u0639 \u0648\u0627\u0644\u062a\u062d\u062f\u062b - 1",
    "translation_en": "Listening and Speaking - 1"
  }
},
{
  "model": "importManager.translation",
  "pk": 10,
  "fields": {
    "translation_ar": "\u0627\u0644\u0627\u0633\u062a\u0645\u0627\u0639 \u0648\u0627\u0644\u062a\u062d\u062f\u062b - 2",
    "translation_en": "Listening and Speaking - 2"
  }
},
{
  "model": "importManager.translation",
  "pk": 11,
  "fields": {
    "translation_ar": "\u0627\u0644\u0627\u0633\u062a\u0645\u0627\u0639 \u0648\u0627\u0644\u062a\u062d\u062f\u062b - 3",
    "translation_en": "Listening and Speaking - 3"
  }
},
{
  "model": "importManager.translation",
  "pk": 12,
  "fields": {
    "translation_ar": "\u0627\u0644\u0627\u0633\u062a\u0645\u0627\u0639 \u0648\u0627\u0644\u062a\u062d\u062f\u062b - 4",
    "translation_en": "Listening and Speaking - 4"
  }
},
{
  "model": "importManager.translation",
  "pk": 13,
  "fields": {
    "translation_ar": "\u0627\u0644\u0627\u0639\u062f\u0627\u062f \u0644\u0644\u0627\u062e\u062a\u0628\u0627\u0631\u0627\u062a \u0627\u0644\u062f\u0648\u0644\u064a\u0629",
    "translation_en": "Preparation for international tests"
  }
},
{
  "model": "importManager.translation",
  "pk": 14,
  "fields": {
    "translation_ar": "\u0627\u0644\u0628\u0631\u0645\u062c\u0629 \u0627\u0644\u0627\u062d\u0635\u0627\u0626\u064a\u0629",
    "translation_en": "Statistical Programming"
  }
},
{
  "model": "importManager.translation",
  "pk": 15,
  "fields": {
    "translation_ar": "\u0627\u0644\u0628\u0631\u0645\u062c\u0629 \u0627\u0644\u063a\u0631\u0636\u064a\u0629 \u0627\u0644\u0645\u0648\u062c\u0647\u0629",
    "translation_en": "Object oriented programming"
  }
},
{
  "model": "importManager.translation",
  "pk": 16,
  "fields": {
    "translation_ar": "\u0627\u0644\u062a\u062d\u0631\u064a\u0631 \u0627\u0644\u0639\u0631\u0628\u064a",
    "translation_en": "Arab Editing"
  }
},
{
  "model": "importManager.translation",
  "pk": 17,
  "fields": {
    "translation_ar": "\u0627\u0644\u062a\u062d\u0644\u064a\u0644 \u0627\u0644\u062a\u0648\u0627\u0641\u0642\u064a \u0644\u0644\u062d\u0627\u0633\u0628",
    "translation_en": "Combinatorial Analysis of Comp."
  }
},
{
  "model": "importManager.translation",
  "pk": 18,
  "fields": {
    "translation_ar": "\u0627\u0644\u062a\u0631\u0627\u0643\u064a\u0628 \u0627\u0644\u0645\u062d\u062f\u062f\u0647",
    "translation_en": "Discrete Structures"
  }
},
{
  "model": "importManager.translation",
  "pk": 19,
  "fields": {
    "translation_ar": "\u0627\u0644\u062a\u0631\u062c\u0645\u0629 - 1",
    "translation_en": "Translation - 1"
  }
},
{
  "model": "importManager.translation",
  "pk": 20,
  "fields": {
    "translation_ar": "\u0627\u0644\u062a\u0631\u062c\u0645\u0629 - 2",
    "translation_en": "Translation - 2"
  }
},
{
  "model": "importManager.translation",
  "pk": 21,
  "fields": {
    "translation_ar": "\u0627\u0644\u062a\u0631\u062c\u0645\u0629 - 3",
    "translation_en": "Translation - 3"
  }
},
{
  "model": "importManager.translation",
  "pk": 22,
  "fields": {
    "translation_ar": "\u0627\u0644\u062a\u0643\u0646\u0648\u0644\u0648\u062c\u064a\u0627 \u0648\u062a\u0639\u0644\u0645 \u0627\u0644\u0644\u063a\u0629",
    "translation_en": "Technology and language learning"
  }
},
{
  "model": "importManager.translation",
  "pk": 23,
  "fields": {
    "translation_ar": "\u0627\u0644\u062b\u0642\u0627\u0641\u0629 \u0627\u0644\u0627\u0633\u0644\u0627\u0645\u064a\u0629 -2",
    "translation_en": "Islamic Culture -2"
  }
},
{
  "model": "importManager.translation",
  "pk": 24,
  "fields": {
    "translation_ar": "\u0627\u0644\u062b\u0642\u0627\u0641\u0629 \u0627\u0644\u0627\u0633\u0644\u0627\u0645\u064a\u0629 -3",
    "translation_en": "Islamic Culture - 3"
  }
},
{
  "model": "importManager.translation",
  "pk": 25,
  "fields": {
    "translation_ar": "\u0627\u0644\u062b\u0642\u0627\u0641\u0629 \u0627\u0644\u0627\u0633\u0644\u0627\u0645\u064a\u0629 -4",
    "translation_en": "Islamic Culture - 4"
  }
},
{
  "model": "importManager.translation",
  "pk": 26,
  "fields": {
    "translation_ar": "\u0627\u0644\u062d\u0631\u0643\u0627\u062a \u0627\u0644\u0623\u062f\u0628\u064a\u0629 \u0627\u0644\u062d\u062f\u064a\u062b\u0629",
    "translation_en": "Modern literary movements"
  }
},
{
  "model": "importManager.translation",
  "pk": 27,
  "fields": {
    "translation_ar": "\u0627\u0644\u0630\u0643\u0627\u0621 \u0627\u0644\u0627\u0635\u0637\u0646\u0627\u0639\u064a",
    "translation_en": "Artificial intelligence"
  }
},
{
  "model": "importManager.translation",
  "pk": 28,
  "fields": {
    "translation_ar": "\u0627\u0644\u0631\u0624\u064a\u0629 \u0628\u0627\u0644\u062d\u0627\u0633\u0628",
    "translation_en": "Computer vision"
  }
},
{
  "model": "importManager.translation",
  "pk": 29,
  "fields": {
    "translation_ar": "\u0627\u0644\u0631\u0633\u0645 \u0628\u0627\u0644\u062d\u0627\u0633\u0628",
    "translation_en": "Computer graphic"
  }
},
{
  "model": "importManager.translation",
  "pk": 30,
  "fields": {
    "translation_ar": "\u0627\u0644\u0631\u0648\u0627\u064a\u0629",
    "translation_en": "Novel"
  }
},
{
  "model": "importManager.translation",
  "pk": 31,
  "fields": {
    "translation_ar": "\u0627\u0644\u0631\u064a\u0627\u0636\u064a\u0627\u062a",
    "translation_en": "Mathematics"
  }
},
{
  "model": "importManager.translation",
  "pk": 32,
  "fields": {
    "translation_ar": "\u0627\u0644\u0634\u0631\u064a\u0639\u0629 \u0648\u0623\u0635\u0648\u0644 \u0627\u0644\u062f\u064a\u0646",
    "translation_en": "Sharia and the fundamentals of religion"
  }
},
{
  "model": "importManager.translation",
  "pk": 33,
  "fields": {
    "translation_ar": "\u0627\u0644\u0634\u0639\u0631",
    "translation_en": "Poetry"
  }
},
{
  "model": "importManager.translation",
  "pk": 34,
  "fields": {
    "translation_ar": "\u0627\u0644\u0635\u0648\u062a\u064a\u0627\u062a",
    "translation_en": "Phonetics"
  }
},
{
  "model": "importManager.translation",
  "pk": 35,
  "fields": {
    "translation_ar": "\u0627\u0644\u0639\u0644\u0648\u0645",
    "translation_en": "Science"
  }
},
{
  "model": "importManager.translation",
  "pk": 36,
  "fields": {
    "translation_ar": "\u0627\u0644\u0639\u0644\u0648\u0645 \u0627\u0644\u0625\u0646\u0633\u0627\u0646\u064a\u0629",
    "translation_en": "Humanities"
  }
},
{
  "model": "importManager.translation",
  "pk": 37,
  "fields": {
    "translation_ar": "\u0627\u0644\u0641\u0642\u0647",
    "translation_en": "Jurisprudence"
  }
},
{
  "model": "importManager.translation",
  "pk": 38,
  "fields": {
    "translation_ar": "\u0627\u0644\u0641\u064a\u0632\u064a\u0627\u0621",
    "translation_en": "Physics"
  }
},
{
  "model": "importManager.translation",
  "pk": 39,
  "fields": {
    "translation_ar": "\u0627\u0644\u0642\u0631\u0627\u0621\u0629 \u0648\u0627\u0644\u0627\u0633\u062a\u064a\u0639\u0627\u0628 - 1",
    "translation_en": "Reading and comprehension - 1"
  }
},
{
  "model": "importManager.translation",
  "pk": 40,
  "fields": {
    "translation_ar": "\u0627\u0644\u0642\u0631\u0627\u0621\u0629 \u0648\u0627\u0644\u0627\u0633\u062a\u064a\u0639\u0627\u0628 - 2",
    "translation_en": "Reading and comprehension - 2"
  }
},
{
  "model": "importManager.translation",
  "pk": 41,
  "fields": {
    "translation_ar": "\u0627\u0644\u0642\u0631\u0627\u0621\u0629 \u0648\u0627\u0644\u0627\u0633\u062a\u064a\u0639\u0627\u0628 - 3",
    "translation_en": "Reading and comprehension - 3"
  }
},
{
  "model": "importManager.translation",
  "pk": 42,
  "fields": {
    "translation_ar": "\u0627\u0644\u0642\u0631\u0627\u0621\u0629 \u0648\u0627\u0644\u0627\u0633\u062a\u064a\u0639\u0627\u0628 - 4",
    "translation_en": "Reading and comprehension - 4"
  }
},
{
  "model": "importManager.translation",
  "pk": 43,
  "fields": {
    "translation_ar": "\u0627\u0644\u0642\u0635\u0629 \u0627\u0644\u0642\u0635\u064a\u0631\u0629",
    "translation_en": "Short story"
  }
},
{
  "model": "importManager.translation",
  "pk": 44,
  "fields": {
    "translation_ar": "\u0627\u0644\u0642\u0648\u0627\u0639\u062f - 1",
    "translation_en": "Grammar - 1"
  }
},
{
  "model": "importManager.translation",
  "pk": 45,
  "fields": {
    "translation_ar": "\u0627\u0644\u0642\u0648\u0627\u0639\u062f - 2",
    "translation_en": "Grammar - 2"
  }
},
{
  "model": "importManager.translation",
  "pk": 46,
  "fields": {
    "translation_ar": "\u0627\u0644\u0642\u0648\u0627\u0639\u062f - 4",
    "translation_en": "Grammar - 4"
  }
},
{
  "model": "importManager.translation",
  "pk": 47,
  "fields": {
    "translation_ar": "\u0627\u0644\u0643\u062a\u0627\u0628\u0629 - 1",
    "translation_en": "Writing - 1"
  }
},
{
  "model": "importManager.translation",
  "pk": 48,
  "fields": {
    "translation_ar": "\u0627\u0644\u0643\u062a\u0627\u0628\u0629 - 2",
    "translation_en": "Writing - 2"
  }
},
{
  "model": "importManager.translation",
  "pk": 49,
  "fields": {
    "translation_ar": "\u0627\u0644\u0643\u062a\u0627\u0628\u0629 - 3",
    "translation_en": "Writing - 3"
  }
},
{
  "model": "importManager.translation",
  "pk": 50,
  "fields": {
    "translation_ar": "\u0627\u0644\u0643\u062a\u0627\u0628\u0629 - 4",
    "translation_en": "Writing - 4"
  }
},
{
  "model": "importManager.translation",
  "pk": 51,
  "fields": {
    "translation_ar": "\u0627\u0644\u0643\u062a\u0627\u0628\u0629 \u0644\u0623\u063a\u0631\u0627\u0636 \u0645\u0639\u064a\u0646\u0629",
    "translation_en": "Writing for specific purposes"
  }
},
{
  "model": "importManager.translation",
  "pk": 52,
  "fields": {
    "translation_ar": "\u0627\u0644\u0643\u064a\u0645\u064a\u0627\u0621",
    "translation_en": "Chemistry"
  }
},
{
  "model": "importManager.translation",
  "pk": 53,
  "fields": {
    "translation_ar": "\u0627\u0644\u0643\u064a\u0645\u064a\u0627\u0621 \u0627\u0644\u0639\u0627\u0645\u0629  1",
    "translation_en": "General Chemistry - 1"
  }
},
{
  "model": "importManager.translation",
  "pk": 54,
  "fields": {
    "translation_ar": "\u0627\u0644\u0644\u063a\u0627\u062a \u0648\u0627\u0644\u062a\u0631\u062c\u0645\u0629",
    "translation_en": "Languages \u200b\u200band translation"
  }
},
{
  "model": "importManager.translation",
  "pk": 55,
  "fields": {
    "translation_ar": "\u0627\u0644\u0644\u063a\u0629 \u0627\u0644\u0625\u0646\u062c\u0644\u064a\u0632\u064a\u0629",
    "translation_en": "English Language"
  }
},
{
  "model": "importManager.translation",
  "pk": 56,
  "fields": {
    "translation_ar": "\u0627\u0644\u0644\u063a\u0629 \u0627\u0644\u0639\u0631\u0628\u064a\u0629 \u0648\u0622\u062f\u0627\u0628\u0647\u0627",
    "translation_en": "Arabic language and its literature"
  }
},
{
  "model": "importManager.translation",
  "pk": 57,
  "fields": {
    "translation_ar": "\u0627\u0644\u0644\u063a\u0648\u064a\u0627\u062a \u0627\u0644\u062a\u0637\u0628\u064a\u0642\u064a\u0629 - 1",
    "translation_en": "Applied Linguistics - 1"
  }
},
{
  "model": "importManager.translation",
  "pk": 58,
  "fields": {
    "translation_ar": "\u0627\u0644\u0644\u063a\u0648\u064a\u0627\u062a \u0627\u0644\u062a\u0637\u0628\u064a\u0642\u064a\u0629 - 2",
    "translation_en": "Applied Linguistics - 2"
  }
},
{
  "model": "importManager.translation",
  "pk": 59,
  "fields": {
    "translation_ar": "\u0627\u0644\u0645\u062a\u0631\u062c\u0645\u0627\u062a",
    "translation_en": "Interpreters"
  }
},
{
  "model": "importManager.translation",
  "pk": 60,
  "fields": {
    "translation_ar": "\u0627\u0644\u0645\u062c\u0645\u0639 \u0627\u0644\u0623\u0643\u0627\u062f\u064a\u0645\u064a \u0628\u062a\u0646\u0648\u0645\u0647",
    "translation_en": "The Academic Campus in Tanumah"
  }
},
{
  "model": "importManager.translation",
  "pk": 61,
  "fields": {
    "translation_ar": "\u0627\u0644\u0645\u062f\u062e\u0644 \u0627\u0644\u0649 \u0627\u0644\u062b\u0642\u0627\u0641\u0629 \u0627\u0644\u0627\u0633\u0644\u0627\u0645\u064a\u0629",
    "translation_en": "Introduction to Islamic Culture"
  }
},
{
  "model": "importManager.translation",
  "pk": 62,
  "fields": {
    "translation_ar": "\u0627\u0644\u0645\u0639\u0627\u0644\u062c\u0627\u062a \u0627\u0644\u0635\u063a\u064a\u0631\u0629 \u0648\u0644\u063a\u0629 \u0627\u0644\u062a\u062c\u0645\u064a\u0639",
    "translation_en": "Microprocessors and assembly language"
  }
},
{
  "model": "importManager.translation",
  "pk": 63,
  "fields": {
    "translation_ar": "\u0627\u0644\u0645\u0646\u0637\u0642 \u0627\u0644\u0631\u0642\u0645\u064a",
    "translation_en": "Digital Logic"
  }
},
{
  "model": "importManager.translation",
  "pk": 64,
  "fields": {
    "translation_ar": "\u0627\u0644\u0645\u0647\u0627\u0631\u0627\u062a \u0627\u0644\u062f\u0631\u0627\u0633\u064a\u0629",
    "translation_en": "Study skills"
  }
},
{
  "model": "importManager.translation",
  "pk": 65,
  "fields": {
    "translation_ar": "\u0627\u0644\u0645\u0647\u0627\u0631\u0627\u062a \u0627\u0644\u0644\u063a\u0648\u064a\u0629",
    "translation_en": "language skills"
  }
},
{
  "model": "importManager.translation",
  "pk": 66,
  "fields": {
    "translation_ar": "\u0627\u0644\u0647\u0646\u062f\u0633\u0647 \u0627\u0644\u062d\u0633\u0627\u0628\u064a\u0629",
    "translation_en": "Computational Engineering"
  }
},
{
  "model": "importManager.translation",
  "pk": 67,
  "fields": {
    "translation_ar": "\u0628\u0631\u0645\u062c\u0629 \u062d\u0627\u0633\u0628  -2-",
    "translation_en": "Computer programming  - 2"
  }
},
{
  "model": "importManager.translation",
  "pk": 68,
  "fields": {
    "translation_ar": "\u0628\u0631\u0645\u062c\u0629 \u062d\u0627\u0633\u0628 - 1",
    "translation_en": "Computer programming - 1"
  }
},
{
  "model": "importManager.translation",
  "pk": 69,
  "fields": {
    "translation_ar": "\u0628\u0631\u0646\u0627\u0645\u062c \u0627\u0644\u0644\u063a\u0629 \u0627\u0644\u0627\u0646\u062c\u0644\u064a\u0632\u064a\u0629 \u0627\u0644\u0645\u0643\u062b\u0641 - 1",
    "translation_en": "Intensive English Program - 1"
  }
},
{
  "model": "importManager.translation",
  "pk": 70,
  "fields": {
    "translation_ar": "\u0628\u0631\u0646\u0627\u0645\u062c \u0627\u0644\u0644\u063a\u0629 \u0627\u0644\u0627\u0646\u062c\u0644\u064a\u0632\u064a\u0629 \u0627\u0644\u0645\u0643\u062b\u0641 -2",
    "translation_en": "Intensive English Program - 2"
  }
},
{
  "model": "importManager.translation",
  "pk": 71,
  "fields": {
    "translation_ar": "\u0628\u0646\u0627\u0621 \u0627\u0644\u0645\u0641\u0631\u062f\u0627\u062a - 1",
    "translation_en": "Building vocabulary - 1"
  }
},
{
  "model": "importManager.translation",
  "pk": 72,
  "fields": {
    "translation_ar": "\u0628\u0646\u0627\u0621 \u0627\u0644\u0645\u0641\u0631\u062f\u0627\u062a - 2",
    "translation_en": "Building vocabulary - 2"
  }
},
{
  "model": "importManager.translation",
  "pk": 73,
  "fields": {
    "translation_ar": "\u062a\u0635\u0645\u064a\u0645 \u0648\u062a\u062d\u0644\u064a\u0644 \u062e\u0648\u0627\u0631\u0632\u0645\u064a\u0627\u062a",
    "translation_en": "Design and analysis of algorithms"
  }
},
{
  "model": "importManager.translation",
  "pk": 74,
  "fields": {
    "translation_ar": "\u062a\u0641\u0627\u0636\u0644 \u0648\u062a\u0643\u0627\u0645\u0644",
    "translation_en": "Difference and completeness"
  }
},
{
  "model": "importManager.translation",
  "pk": 75,
  "fields": {
    "translation_ar": "\u062a\u0642\u0646\u064a\u0627\u062a \u0627\u0644\u0627\u0646\u062a\u0631\u0646\u062a",
    "translation_en": "Internet Technologies"
  }
},
{
  "model": "importManager.translation",
  "pk": 76,
  "fields": {
    "translation_ar": "\u062a\u0646\u0638\u064a\u0645 \u0627\u0644\u062d\u0627\u0633\u0628\u0627\u062a",
    "translation_en": "Organization of computers"
  }
},
{
  "model": "importManager.translation",
  "pk": 77,
  "fields": {
    "translation_ar": "\u062c\u0628\u0631 \u0627\u0644\u0645\u0635\u0641\u0648\u0641\u0627\u062a",
    "translation_en": "Algebra matrices"
  }
},
{
  "model": "importManager.translation",
  "pk": 78,
  "fields": {
    "translation_ar": "\u062d\u0627\u0633\u0628 \u0622\u0644\u064a",
    "translation_en": "Computer"
  }
},
{
  "model": "importManager.translation",
  "pk": 79,
  "fields": {
    "translation_ar": "\u062d\u0633\u0627\u0628 \u0627\u0644\u062a\u0641\u0627\u0636\u0644 \u0648\u0627\u0644\u062a\u0643\u0627\u0645\u0644  1",
    "translation_en": "Calculus 1"
  }
},
{
  "model": "importManager.translation",
  "pk": 80,
  "fields": {
    "translation_ar": "\u062e\u0648\u0627\u0631\u0632\u0645\u064a\u0627\u062a \u0648\u0647\u064a\u0627\u0643\u0644  \u0628\u064a\u0627\u0646\u0627\u062a -1-",
    "translation_en": "Algorithms and data structures -1"
  }
},
{
  "model": "importManager.translation",
  "pk": 81,
  "fields": {
    "translation_ar": "\u062e\u0648\u0627\u0631\u0632\u0645\u064a\u0627\u062a \u0648\u0647\u064a\u0627\u0643\u0644 \u0628\u064a\u0627\u0646\u0627\u062a -2-",
    "translation_en": "Algorithms and data structures -2"
  }
},
{
  "model": "importManager.translation",
  "pk": 82,
  "fields": {
    "translation_ar": "\u0631\u064a\u0627\u0636\u064a\u0627\u062a -1-",
    "translation_en": "Mathematics-1"
  }
},
{
  "model": "importManager.translation",
  "pk": 83,
  "fields": {
    "translation_ar": "\u0634\u0628\u0643\u0627\u062a \u0627\u0644\u062d\u0627\u0633\u0628 - 1",
    "translation_en": "Computer Networks - 1"
  }
},
{
  "model": "importManager.translation",
  "pk": 84,
  "fields": {
    "translation_ar": "\u0634\u0628\u0643\u0627\u062a \u0627\u0644\u062d\u0627\u0633\u0628 - 2",
    "translation_en": "Computer Networks - 2"
  }
},
{
  "model": "importManager.translation",
  "pk": 85,
  "fields": {
    "translation_ar": "\u0637\u0631\u0642 \u0627\u0644\u0628\u062d\u062b",
    "translation_en": "Research methods"
  }
},
{
  "model": "importManager.translation",
  "pk": 86,
  "fields": {
    "translation_ar": "\u0639\u0644\u0645 \u0627\u0644\u0623\u0635\u0648\u0627\u062a",
    "translation_en": "Phonolgy"
  }
},
{
  "model": "importManager.translation",
  "pk": 87,
  "fields": {
    "translation_ar": "\u0639\u0644\u0645 \u0627\u0644\u0635\u0631\u0641",
    "translation_en": "Syntax"
  }
},
{
  "model": "importManager.translation",
  "pk": 88,
  "fields": {
    "translation_ar": "\u0639\u0644\u0645 \u0627\u0644\u0646\u062d\u0648",
    "translation_en": "Morphology"
  }
},
{
  "model": "importManager.translation",
  "pk": 89,
  "fields": {
    "translation_ar": "\u0639\u0644\u0648\u0645 \u0627\u0644\u062d\u0627\u0633\u0628",
    "translation_en": "Computer Science"
  }
},
{
  "model": "importManager.translation",
  "pk": 90,
  "fields": {
    "translation_ar": "\u0639\u0644\u0648\u0645 \u0627\u0644\u062d\u0627\u0633\u0628-\u0623\u0628\u0647\u0627",
    "translation_en": "Computer Science - Abha"
  }
},
{
  "model": "importManager.translation",
  "pk": 91,
  "fields": {
    "translation_ar": "\u0642\u0648\u0627\u0639\u062f - 3",
    "translation_en": "Grammar - 3"
  }
},
{
  "model": "importManager.translation",
  "pk": 92,
  "fields": {
    "translation_ar": "\u0644\u063a\u0627\u062a \u0627\u0644\u0628\u0631\u0645\u062c\u0629",
    "translation_en": "Programming Languages"
  }
},
{
  "model": "importManager.translation",
  "pk": 93,
  "fields": {
    "translation_ar": "\u0645\u0628\u0627\u062f\u064a\u0621 \u0639\u0644\u0645 \u0627\u0644\u0641\u064a\u0632\u064a\u0627\u0621",
    "translation_en": "Principles of Physics"
  }
},
{
  "model": "importManager.translation",
  "pk": 94,
  "fields": {
    "translation_ar": "\u0645\u062e\u0627\u0632\u0646 \u0648\u0645\u0646\u0627\u062c\u0645 \u0627\u0644\u0628\u064a\u0627\u0646\u0627\u062a",
    "translation_en": "Data Warehousing & Data Mining"
  }
},
{
  "model": "importManager.translation",
  "pk": 95,
  "fields": {
    "translation_ar": "\u0645\u062f\u062e\u0644 \u0627\u0644\u0649 \u0627\u0644\u062d\u0627\u0633\u0628",
    "translation_en": "Introduction to the computer"
  }
},
{
  "model": "importManager.translation",
  "pk": 96,
  "fields": {
    "translation_ar": "\u0645\u062f\u062e\u0644 \u0627\u0644\u0649 \u0646\u0638\u0645 \u0627\u0644\u0645\u0639\u0644\u0648\u0645\u0627\u062a",
    "translation_en": "Introduction to Information Systems"
  }
},
{
  "model": "importManager.translation",
  "pk": 97,
  "fields": {
    "translation_ar": "\u0645\u0633\u0631\u062d\u064a\u0629",
    "translation_en": "Drama"
  }
},
{
  "model": "importManager.translation",
  "pk": 98,
  "fields": {
    "translation_ar": "\u0645\u0634\u0631\u0648\u0639   -  1",
    "translation_en": "Project - 1"
  }
},
{
  "model": "importManager.translation",
  "pk": 99,
  "fields": {
    "translation_ar": "\u0645\u0634\u0631\u0648\u0639   -  2",
    "translation_en": "Project - 2"
  }
},
{
  "model": "importManager.translation",
  "pk": 100,
  "fields": {
    "translation_ar": "\u0645\u0642\u062f\u0645\u0629 \u0641\u064a \u0627\u0644\u0641\u0646\u0648\u0646 \u0627\u0644\u0623\u062f\u0628\u064a\u0629",
    "translation_en": "Introduction to Literary Arts"
  }
},
{
  "model": "importManager.translation",
  "pk": 101,
  "fields": {
    "translation_ar": "\u0645\u0642\u062f\u0645\u0629 \u0641\u064a \u0627\u0644\u0644\u063a\u0648\u064a\u0627\u062a",
    "translation_en": "Introduction to Linguistics"
  }
},
{
  "model": "importManager.translation",
  "pk": 102,
  "fields": {
    "translation_ar": "\u0645\u0642\u062f\u0645\u0629 \u0641\u064a \u0639\u0644\u0645 \u0627\u0644\u0641\u064a\u0632\u064a\u0627\u0621",
    "translation_en": "Introduction to Physics"
  }
},
{
  "model": "importManager.translation",
  "pk": 103,
  "fields": {
    "translation_ar": "\u0645\u0648\u0627\u0636\u064a\u0639 \u0645\u062e\u062a\u0627\u0631\u0629",
    "translation_en": "Selected topics"
  }
},
{
  "model": "importManager.translation",
  "pk": 104,
  "fields": {
    "translation_ar": "\u0646\u062f\u0648\u0647",
    "translation_en": "A seminar"
  }
},
{
  "model": "importManager.translation",
  "pk": 105,
  "fields": {
    "translation_ar": "\u0646\u0638\u0645 \u0625\u062f\u0627\u0631\u0629  \u0642\u0648\u0627\u0639\u062f \u0627\u0644\u0628\u064a\u0627\u0646\u0627\u062a",
    "translation_en": "Database management systems"
  }
},
{
  "model": "importManager.translation",
  "pk": 106,
  "fields": {
    "translation_ar": "\u0646\u0638\u0645 \u0627\u0644\u0645\u0639\u0644\u0648\u0645\u0627\u062a",
    "translation_en": "Information Systems"
  }
},
{
  "model": "importManager.translation",
  "pk": 107,
  "fields": {
    "translation_ar": "\u0646\u0638\u0645 \u062a\u0634\u063a\u064a\u0644 - 1",
    "translation_en": "Operating systems - 1"
  }
},
{
  "model": "importManager.translation",
  "pk": 108,
  "fields": {
    "translation_ar": "\u0646\u0638\u0645 \u062a\u0634\u063a\u064a\u0644 - 2",
    "translation_en": "Operating systems - 2"
  }
},
{
  "model": "importManager.translation",
  "pk": 109,
  "fields": {
    "translation_ar": "\u0646\u0645\u0630\u062c\u0647 \u0648\u0645\u062d\u0627\u0643\u0627\u0629",
    "translation_en": "Model and simulation"
  }
},
{
  "model": "importManager.translation",
  "pk": 110,
  "fields": {
    "translation_ar": "\u0647\u0646\u062f\u0633\u0629 \u0627\u0644\u0628\u0631\u0645\u062c\u064a\u0627\u062a -1-",
    "translation_en": "Software Engineering -1-"
  }
},
{
  "model": "importManager.translation",
  "pk": 111,
  "fields": {
    "translation_ar": "\u0647\u0646\u062f\u0633\u0629 \u0627\u0644\u0628\u0631\u0645\u062c\u064a\u0627\u062a -2-",
    "translation_en": "Software Engineering -2-"
  }
},
{
  "model": "importManager.translation",
  "pk": 112,
  "fields": {
    "translation_ar": "\u0647\u0646\u062f\u0633\u0629 \u0627\u0644\u0645\u0639\u0631\u0641\u0629 \u0648\u0627\u0644\u0646\u0638\u0645 \u0627\u0644\u062e\u0628\u064a\u0631\u0629",
    "translation_en": "Knowledge Engineering and Expert Systems"
  }
},
{
  "model": "importManager.translation",
  "pk": 113,
  "fields": {
    "translation_ar": "\u0648\u0631\u0634\u0629 \u0639\u0645\u0644 \u0627\u0644\u062e\u0637\u0627\u0628\u0629",
    "translation_en": "Speech Workshop"
  }
},
{
  "model": "contenttypes.contenttype",
  "pk": 1,
  "fields": {
    "app_label": "periods",
    "model": "academicyear"
  }
},
{
  "model": "contenttypes.contenttype",
  "pk": 2,
  "fields": {
    "app_label": "periods",
    "model": "semester"
  }
},
{
  "model": "contenttypes.contenttype",
  "pk": 3,
  "fields": {
    "app_label": "measurement",
    "model": "college"
  }
},
{
  "model": "contenttypes.contenttype",
  "pk": 4,
  "fields": {
    "app_label": "measurement",
    "model": "course"
  }
},
{
  "model": "contenttypes.contenttype",
  "pk": 5,
  "fields": {
    "app_label": "measurement",
    "model": "coursedocrequest"
  }
},
{
  "model": "contenttypes.contenttype",
  "pk": 6,
  "fields": {
    "app_label": "measurement",
    "model": "department"
  }
},
{
  "model": "contenttypes.contenttype",
  "pk": 7,
  "fields": {
    "app_label": "measurement",
    "model": "location"
  }
},
{
  "model": "contenttypes.contenttype",
  "pk": 8,
  "fields": {
    "app_label": "measurement",
    "model": "section"
  }
},
{
  "model": "contenttypes.contenttype",
  "pk": 9,
  "fields": {
    "app_label": "measurement",
    "model": "sectiondocrequest"
  }
},
{
  "model": "contenttypes.contenttype",
  "pk": 10,
  "fields": {
    "app_label": "measurement",
    "model": "teacher"
  }
},
{
  "model": "contenttypes.contenttype",
  "pk": 11,
  "fields": {
    "app_label": "measurement",
    "model": "translation"
  }
},
{
  "model": "contenttypes.contenttype",
  "pk": 12,
  "fields": {
    "app_label": "importManager",
    "model": "generateddocument"
  }
},
{
  "model": "contenttypes.contenttype",
  "pk": 13,
  "fields": {
    "app_label": "importManager",
    "model": "uploaddocument"
  }
},
{
  "model": "contenttypes.contenttype",
  "pk": 14,
  "fields": {
    "app_label": "admin",
    "model": "logentry"
  }
},
{
  "model": "contenttypes.contenttype",
  "pk": 15,
  "fields": {
    "app_label": "auth",
    "model": "permission"
  }
},
{
  "model": "contenttypes.contenttype",
  "pk": 16,
  "fields": {
    "app_label": "auth",
    "model": "group"
  }
},
{
  "model": "contenttypes.contenttype",
  "pk": 17,
  "fields": {
    "app_label": "auth",
    "model": "user"
  }
},
{
  "model": "contenttypes.contenttype",
  "pk": 18,
  "fields": {
    "app_label": "contenttypes",
    "model": "contenttype"
  }
},
{
  "model": "contenttypes.contenttype",
  "pk": 19,
  "fields": {
    "app_label": "sessions",
    "model": "session"
  }
},
{
  "model": "contenttypes.contenttype",
  "pk": 20,
  "fields": {
    "app_label": "courses",
    "model": "course"
  }
},
{
  "model": "contenttypes.contenttype",
  "pk": 21,
  "fields": {
    "app_label": "courses",
    "model": "speciality"
  }
},
{
  "model": "contenttypes.contenttype",
  "pk": 22,
  "fields": {
    "app_label": "courses",
    "model": "academiclevel"
  }
},
{
  "model": "contenttypes.contenttype",
  "pk": 23,
  "fields": {
    "app_label": "departments",
    "model": "location"
  }
},
{
  "model": "contenttypes.contenttype",
  "pk": 24,
  "fields": {
    "app_label": "departments",
    "model": "college"
  }
},
{
  "model": "contenttypes.contenttype",
  "pk": 25,
  "fields": {
    "app_label": "departments",
    "model": "department"
  }
},
{
  "model": "contenttypes.contenttype",
  "pk": 26,
  "fields": {
    "app_label": "departments",
    "model": "section"
  }
},
{
  "model": "contenttypes.contenttype",
  "pk": 27,
  "fields": {
    "app_label": "HR",
    "model": "teacher"
  }
},
{
  "model": "contenttypes.contenttype",
  "pk": 28,
  "fields": {
    "app_label": "importManager",
    "model": "translation"
  }
},
{
  "model": "contenttypes.contenttype",
  "pk": 29,
  "fields": {
    "app_label": "measurement",
    "model": "courseanalysisreport"
  }
},
{
  "model": "contenttypes.contenttype",
  "pk": 30,
  "fields": {
    "app_label": "measurement",
    "model": "sectionanalysisreport"
  }
},
{
  "model": "sessions.session",
  "pk": "uzolnnwnopdbbp9kr5oc626ky5jzm435",
  "fields": {
    "session_data": "Mjg1NDA2NGM0OTI4NjA1MjRiYTcyNzk4YTc0ZTYxM2RiNDNkZmZkZjp7Il9hdXRoX3VzZXJfaWQiOiIxIiwiX2F1dGhfdXNlcl9iYWNrZW5kIjoiZGphbmdvLmNvbnRyaWIuYXV0aC5iYWNrZW5kcy5Nb2RlbEJhY2tlbmQiLCJfYXV0aF91c2VyX2hhc2giOiI1M2JiNzY3MGJiYzdmZDNjYWQ5YWM3MDBhMDFlOTY2MTgyYjFkNWE3In0=",
    "expire_date": "2019-01-17T15:30:03.580Z"
  }
},
{
  "model": "auth.permission",
  "pk": 1,
  "fields": {
    "name": "Can add Academic Year",
    "content_type": 1,
    "codename": "add_academicyear"
  }
},
{
  "model": "auth.permission",
  "pk": 2,
  "fields": {
    "name": "Can change Academic Year",
    "content_type": 1,
    "codename": "change_academicyear"
  }
},
{
  "model": "auth.permission",
  "pk": 3,
  "fields": {
    "name": "Can delete Academic Year",
    "content_type": 1,
    "codename": "delete_academicyear"
  }
},
{
  "model": "auth.permission",
  "pk": 4,
  "fields": {
    "name": "Can view Academic Year",
    "content_type": 1,
    "codename": "view_academicyear"
  }
},
{
  "model": "auth.permission",
  "pk": 5,
  "fields": {
    "name": "Can add Semester",
    "content_type": 2,
    "codename": "add_semester"
  }
},
{
  "model": "auth.permission",
  "pk": 6,
  "fields": {
    "name": "Can change Semester",
    "content_type": 2,
    "codename": "change_semester"
  }
},
{
  "model": "auth.permission",
  "pk": 7,
  "fields": {
    "name": "Can delete Semester",
    "content_type": 2,
    "codename": "delete_semester"
  }
},
{
  "model": "auth.permission",
  "pk": 8,
  "fields": {
    "name": "Can view Semester",
    "content_type": 2,
    "codename": "view_semester"
  }
},
{
  "model": "auth.permission",
  "pk": 9,
  "fields": {
    "name": "Can add College",
    "content_type": 3,
    "codename": "add_college"
  }
},
{
  "model": "auth.permission",
  "pk": 10,
  "fields": {
    "name": "Can change College",
    "content_type": 3,
    "codename": "change_college"
  }
},
{
  "model": "auth.permission",
  "pk": 11,
  "fields": {
    "name": "Can delete College",
    "content_type": 3,
    "codename": "delete_college"
  }
},
{
  "model": "auth.permission",
  "pk": 12,
  "fields": {
    "name": "Can view College",
    "content_type": 3,
    "codename": "view_college"
  }
},
{
  "model": "auth.permission",
  "pk": 13,
  "fields": {
    "name": "Can add Course",
    "content_type": 4,
    "codename": "add_course"
  }
},
{
  "model": "auth.permission",
  "pk": 14,
  "fields": {
    "name": "Can change Course",
    "content_type": 4,
    "codename": "change_course"
  }
},
{
  "model": "auth.permission",
  "pk": 15,
  "fields": {
    "name": "Can delete Course",
    "content_type": 4,
    "codename": "delete_course"
  }
},
{
  "model": "auth.permission",
  "pk": 16,
  "fields": {
    "name": "Can view Course",
    "content_type": 4,
    "codename": "view_course"
  }
},
{
  "model": "auth.permission",
  "pk": 17,
  "fields": {
    "name": "Can add Course Analysis Report",
    "content_type": 5,
    "codename": "add_coursedocrequest"
  }
},
{
  "model": "auth.permission",
  "pk": 18,
  "fields": {
    "name": "Can change Course Analysis Report",
    "content_type": 5,
    "codename": "change_coursedocrequest"
  }
},
{
  "model": "auth.permission",
  "pk": 19,
  "fields": {
    "name": "Can delete Course Analysis Report",
    "content_type": 5,
    "codename": "delete_coursedocrequest"
  }
},
{
  "model": "auth.permission",
  "pk": 20,
  "fields": {
    "name": "Can view Course Analysis Report",
    "content_type": 5,
    "codename": "view_coursedocrequest"
  }
},
{
  "model": "auth.permission",
  "pk": 21,
  "fields": {
    "name": "Can add Department",
    "content_type": 6,
    "codename": "add_department"
  }
},
{
  "model": "auth.permission",
  "pk": 22,
  "fields": {
    "name": "Can change Department",
    "content_type": 6,
    "codename": "change_department"
  }
},
{
  "model": "auth.permission",
  "pk": 23,
  "fields": {
    "name": "Can delete Department",
    "content_type": 6,
    "codename": "delete_department"
  }
},
{
  "model": "auth.permission",
  "pk": 24,
  "fields": {
    "name": "Can view Department",
    "content_type": 6,
    "codename": "view_department"
  }
},
{
  "model": "auth.permission",
  "pk": 25,
  "fields": {
    "name": "Can add Location",
    "content_type": 7,
    "codename": "add_location"
  }
},
{
  "model": "auth.permission",
  "pk": 26,
  "fields": {
    "name": "Can change Location",
    "content_type": 7,
    "codename": "change_location"
  }
},
{
  "model": "auth.permission",
  "pk": 27,
  "fields": {
    "name": "Can delete Location",
    "content_type": 7,
    "codename": "delete_location"
  }
},
{
  "model": "auth.permission",
  "pk": 28,
  "fields": {
    "name": "Can view Location",
    "content_type": 7,
    "codename": "view_location"
  }
},
{
  "model": "auth.permission",
  "pk": 29,
  "fields": {
    "name": "Can add Section",
    "content_type": 8,
    "codename": "add_section"
  }
},
{
  "model": "auth.permission",
  "pk": 30,
  "fields": {
    "name": "Can change Section",
    "content_type": 8,
    "codename": "change_section"
  }
},
{
  "model": "auth.permission",
  "pk": 31,
  "fields": {
    "name": "Can delete Section",
    "content_type": 8,
    "codename": "delete_section"
  }
},
{
  "model": "auth.permission",
  "pk": 32,
  "fields": {
    "name": "Can view Section",
    "content_type": 8,
    "codename": "view_section"
  }
},
{
  "model": "auth.permission",
  "pk": 33,
  "fields": {
    "name": "Can add Section Analysis Report",
    "content_type": 9,
    "codename": "add_sectiondocrequest"
  }
},
{
  "model": "auth.permission",
  "pk": 34,
  "fields": {
    "name": "Can change Section Analysis Report",
    "content_type": 9,
    "codename": "change_sectiondocrequest"
  }
},
{
  "model": "auth.permission",
  "pk": 35,
  "fields": {
    "name": "Can delete Section Analysis Report",
    "content_type": 9,
    "codename": "delete_sectiondocrequest"
  }
},
{
  "model": "auth.permission",
  "pk": 36,
  "fields": {
    "name": "Can view Section Analysis Report",
    "content_type": 9,
    "codename": "view_sectiondocrequest"
  }
},
{
  "model": "auth.permission",
  "pk": 37,
  "fields": {
    "name": "Can add Teacher",
    "content_type": 10,
    "codename": "add_teacher"
  }
},
{
  "model": "auth.permission",
  "pk": 38,
  "fields": {
    "name": "Can change Teacher",
    "content_type": 10,
    "codename": "change_teacher"
  }
},
{
  "model": "auth.permission",
  "pk": 39,
  "fields": {
    "name": "Can delete Teacher",
    "content_type": 10,
    "codename": "delete_teacher"
  }
},
{
  "model": "auth.permission",
  "pk": 40,
  "fields": {
    "name": "Can view Teacher",
    "content_type": 10,
    "codename": "view_teacher"
  }
},
{
  "model": "auth.permission",
  "pk": 41,
  "fields": {
    "name": "Can add Translation",
    "content_type": 11,
    "codename": "add_translation"
  }
},
{
  "model": "auth.permission",
  "pk": 42,
  "fields": {
    "name": "Can change Translation",
    "content_type": 11,
    "codename": "change_translation"
  }
},
{
  "model": "auth.permission",
  "pk": 43,
  "fields": {
    "name": "Can delete Translation",
    "content_type": 11,
    "codename": "delete_translation"
  }
},
{
  "model": "auth.permission",
  "pk": 44,
  "fields": {
    "name": "Can view Translation",
    "content_type": 11,
    "codename": "view_translation"
  }
},
{
  "model": "auth.permission",
  "pk": 45,
  "fields": {
    "name": "Can add Generated Document",
    "content_type": 12,
    "codename": "add_generateddocument"
  }
},
{
  "model": "auth.permission",
  "pk": 46,
  "fields": {
    "name": "Can change Generated Document",
    "content_type": 12,
    "codename": "change_generateddocument"
  }
},
{
  "model": "auth.permission",
  "pk": 47,
  "fields": {
    "name": "Can delete Generated Document",
    "content_type": 12,
    "codename": "delete_generateddocument"
  }
},
{
  "model": "auth.permission",
  "pk": 48,
  "fields": {
    "name": "Can view Generated Document",
    "content_type": 12,
    "codename": "view_generateddocument"
  }
},
{
  "model": "auth.permission",
  "pk": 49,
  "fields": {
    "name": "Can add Upload Document",
    "content_type": 13,
    "codename": "add_uploaddocument"
  }
},
{
  "model": "auth.permission",
  "pk": 50,
  "fields": {
    "name": "Can change Upload Document",
    "content_type": 13,
    "codename": "change_uploaddocument"
  }
},
{
  "model": "auth.permission",
  "pk": 51,
  "fields": {
    "name": "Can delete Upload Document",
    "content_type": 13,
    "codename": "delete_uploaddocument"
  }
},
{
  "model": "auth.permission",
  "pk": 52,
  "fields": {
    "name": "Can view Upload Document",
    "content_type": 13,
    "codename": "view_uploaddocument"
  }
},
{
  "model": "auth.permission",
  "pk": 53,
  "fields": {
    "name": "Can add log entry",
    "content_type": 14,
    "codename": "add_logentry"
  }
},
{
  "model": "auth.permission",
  "pk": 54,
  "fields": {
    "name": "Can change log entry",
    "content_type": 14,
    "codename": "change_logentry"
  }
},
{
  "model": "auth.permission",
  "pk": 55,
  "fields": {
    "name": "Can delete log entry",
    "content_type": 14,
    "codename": "delete_logentry"
  }
},
{
  "model": "auth.permission",
  "pk": 56,
  "fields": {
    "name": "Can view log entry",
    "content_type": 14,
    "codename": "view_logentry"
  }
},
{
  "model": "auth.permission",
  "pk": 57,
  "fields": {
    "name": "Can add permission",
    "content_type": 15,
    "codename": "add_permission"
  }
},
{
  "model": "auth.permission",
  "pk": 58,
  "fields": {
    "name": "Can change permission",
    "content_type": 15,
    "codename": "change_permission"
  }
},
{
  "model": "auth.permission",
  "pk": 59,
  "fields": {
    "name": "Can delete permission",
    "content_type": 15,
    "codename": "delete_permission"
  }
},
{
  "model": "auth.permission",
  "pk": 60,
  "fields": {
    "name": "Can view permission",
    "content_type": 15,
    "codename": "view_permission"
  }
},
{
  "model": "auth.permission",
  "pk": 61,
  "fields": {
    "name": "Can add group",
    "content_type": 16,
    "codename": "add_group"
  }
},
{
  "model": "auth.permission",
  "pk": 62,
  "fields": {
    "name": "Can change group",
    "content_type": 16,
    "codename": "change_group"
  }
},
{
  "model": "auth.permission",
  "pk": 63,
  "fields": {
    "name": "Can delete group",
    "content_type": 16,
    "codename": "delete_group"
  }
},
{
  "model": "auth.permission",
  "pk": 64,
  "fields": {
    "name": "Can view group",
    "content_type": 16,
    "codename": "view_group"
  }
},
{
  "model": "auth.permission",
  "pk": 65,
  "fields": {
    "name": "Can add user",
    "content_type": 17,
    "codename": "add_user"
  }
},
{
  "model": "auth.permission",
  "pk": 66,
  "fields": {
    "name": "Can change user",
    "content_type": 17,
    "codename": "change_user"
  }
},
{
  "model": "auth.permission",
  "pk": 67,
  "fields": {
    "name": "Can delete user",
    "content_type": 17,
    "codename": "delete_user"
  }
},
{
  "model": "auth.permission",
  "pk": 68,
  "fields": {
    "name": "Can view user",
    "content_type": 17,
    "codename": "view_user"
  }
},
{
  "model": "auth.permission",
  "pk": 69,
  "fields": {
    "name": "Can add content type",
    "content_type": 18,
    "codename": "add_contenttype"
  }
},
{
  "model": "auth.permission",
  "pk": 70,
  "fields": {
    "name": "Can change content type",
    "content_type": 18,
    "codename": "change_contenttype"
  }
},
{
  "model": "auth.permission",
  "pk": 71,
  "fields": {
    "name": "Can delete content type",
    "content_type": 18,
    "codename": "delete_contenttype"
  }
},
{
  "model": "auth.permission",
  "pk": 72,
  "fields": {
    "name": "Can view content type",
    "content_type": 18,
    "codename": "view_contenttype"
  }
},
{
  "model": "auth.permission",
  "pk": 73,
  "fields": {
    "name": "Can add session",
    "content_type": 19,
    "codename": "add_session"
  }
},
{
  "model": "auth.permission",
  "pk": 74,
  "fields": {
    "name": "Can change session",
    "content_type": 19,
    "codename": "change_session"
  }
},
{
  "model": "auth.permission",
  "pk": 75,
  "fields": {
    "name": "Can delete session",
    "content_type": 19,
    "codename": "delete_session"
  }
},
{
  "model": "auth.permission",
  "pk": 76,
  "fields": {
    "name": "Can view session",
    "content_type": 19,
    "codename": "view_session"
  }
},
{
  "model": "auth.permission",
  "pk": 77,
  "fields": {
    "name": "Can add Course",
    "content_type": 20,
    "codename": "add_course"
  }
},
{
  "model": "auth.permission",
  "pk": 78,
  "fields": {
    "name": "Can change Course",
    "content_type": 20,
    "codename": "change_course"
  }
},
{
  "model": "auth.permission",
  "pk": 79,
  "fields": {
    "name": "Can delete Course",
    "content_type": 20,
    "codename": "delete_course"
  }
},
{
  "model": "auth.permission",
  "pk": 80,
  "fields": {
    "name": "Can view Course",
    "content_type": 20,
    "codename": "view_course"
  }
},
{
  "model": "auth.permission",
  "pk": 81,
  "fields": {
    "name": "Can add Speciality",
    "content_type": 21,
    "codename": "add_speciality"
  }
},
{
  "model": "auth.permission",
  "pk": 82,
  "fields": {
    "name": "Can change Speciality",
    "content_type": 21,
    "codename": "change_speciality"
  }
},
{
  "model": "auth.permission",
  "pk": 83,
  "fields": {
    "name": "Can delete Speciality",
    "content_type": 21,
    "codename": "delete_speciality"
  }
},
{
  "model": "auth.permission",
  "pk": 84,
  "fields": {
    "name": "Can view Speciality",
    "content_type": 21,
    "codename": "view_speciality"
  }
},
{
  "model": "auth.permission",
  "pk": 85,
  "fields": {
    "name": "Can add Academic Level",
    "content_type": 22,
    "codename": "add_academiclevel"
  }
},
{
  "model": "auth.permission",
  "pk": 86,
  "fields": {
    "name": "Can change Academic Level",
    "content_type": 22,
    "codename": "change_academiclevel"
  }
},
{
  "model": "auth.permission",
  "pk": 87,
  "fields": {
    "name": "Can delete Academic Level",
    "content_type": 22,
    "codename": "delete_academiclevel"
  }
},
{
  "model": "auth.permission",
  "pk": 88,
  "fields": {
    "name": "Can view Academic Level",
    "content_type": 22,
    "codename": "view_academiclevel"
  }
},
{
  "model": "auth.permission",
  "pk": 89,
  "fields": {
    "name": "Can add Location",
    "content_type": 23,
    "codename": "add_location"
  }
},
{
  "model": "auth.permission",
  "pk": 90,
  "fields": {
    "name": "Can change Location",
    "content_type": 23,
    "codename": "change_location"
  }
},
{
  "model": "auth.permission",
  "pk": 91,
  "fields": {
    "name": "Can delete Location",
    "content_type": 23,
    "codename": "delete_location"
  }
},
{
  "model": "auth.permission",
  "pk": 92,
  "fields": {
    "name": "Can view Location",
    "content_type": 23,
    "codename": "view_location"
  }
},
{
  "model": "auth.permission",
  "pk": 93,
  "fields": {
    "name": "Can add College",
    "content_type": 24,
    "codename": "add_college"
  }
},
{
  "model": "auth.permission",
  "pk": 94,
  "fields": {
    "name": "Can change College",
    "content_type": 24,
    "codename": "change_college"
  }
},
{
  "model": "auth.permission",
  "pk": 95,
  "fields": {
    "name": "Can delete College",
    "content_type": 24,
    "codename": "delete_college"
  }
},
{
  "model": "auth.permission",
  "pk": 96,
  "fields": {
    "name": "Can view College",
    "content_type": 24,
    "codename": "view_college"
  }
},
{
  "model": "auth.permission",
  "pk": 97,
  "fields": {
    "name": "Can add Department",
    "content_type": 25,
    "codename": "add_department"
  }
},
{
  "model": "auth.permission",
  "pk": 98,
  "fields": {
    "name": "Can change Department",
    "content_type": 25,
    "codename": "change_department"
  }
},
{
  "model": "auth.permission",
  "pk": 99,
  "fields": {
    "name": "Can delete Department",
    "content_type": 25,
    "codename": "delete_department"
  }
},
{
  "model": "auth.permission",
  "pk": 100,
  "fields": {
    "name": "Can view Department",
    "content_type": 25,
    "codename": "view_department"
  }
},
{
  "model": "auth.permission",
  "pk": 101,
  "fields": {
    "name": "Can add Section",
    "content_type": 26,
    "codename": "add_section"
  }
},
{
  "model": "auth.permission",
  "pk": 102,
  "fields": {
    "name": "Can change Section",
    "content_type": 26,
    "codename": "change_section"
  }
},
{
  "model": "auth.permission",
  "pk": 103,
  "fields": {
    "name": "Can delete Section",
    "content_type": 26,
    "codename": "delete_section"
  }
},
{
  "model": "auth.permission",
  "pk": 104,
  "fields": {
    "name": "Can view Section",
    "content_type": 26,
    "codename": "view_section"
  }
},
{
  "model": "auth.permission",
  "pk": 105,
  "fields": {
    "name": "Can add Teacher",
    "content_type": 27,
    "codename": "add_teacher"
  }
},
{
  "model": "auth.permission",
  "pk": 106,
  "fields": {
    "name": "Can change Teacher",
    "content_type": 27,
    "codename": "change_teacher"
  }
},
{
  "model": "auth.permission",
  "pk": 107,
  "fields": {
    "name": "Can delete Teacher",
    "content_type": 27,
    "codename": "delete_teacher"
  }
},
{
  "model": "auth.permission",
  "pk": 108,
  "fields": {
    "name": "Can view Teacher",
    "content_type": 27,
    "codename": "view_teacher"
  }
},
{
  "model": "auth.permission",
  "pk": 109,
  "fields": {
    "name": "Can add Translation",
    "content_type": 28,
    "codename": "add_translation"
  }
},
{
  "model": "auth.permission",
  "pk": 110,
  "fields": {
    "name": "Can change Translation",
    "content_type": 28,
    "codename": "change_translation"
  }
},
{
  "model": "auth.permission",
  "pk": 111,
  "fields": {
    "name": "Can delete Translation",
    "content_type": 28,
    "codename": "delete_translation"
  }
},
{
  "model": "auth.permission",
  "pk": 112,
  "fields": {
    "name": "Can view Translation",
    "content_type": 28,
    "codename": "view_translation"
  }
},
{
  "model": "auth.permission",
  "pk": 113,
  "fields": {
    "name": "Can add Course Analysis Report",
    "content_type": 29,
    "codename": "add_courseanalysisreport"
  }
},
{
  "model": "auth.permission",
  "pk": 114,
  "fields": {
    "name": "Can change Course Analysis Report",
    "content_type": 29,
    "codename": "change_courseanalysisreport"
  }
},
{
  "model": "auth.permission",
  "pk": 115,
  "fields": {
    "name": "Can delete Course Analysis Report",
    "content_type": 29,
    "codename": "delete_courseanalysisreport"
  }
},
{
  "model": "auth.permission",
  "pk": 116,
  "fields": {
    "name": "Can view Course Analysis Report",
    "content_type": 29,
    "codename": "view_courseanalysisreport"
  }
},
{
  "model": "auth.permission",
  "pk": 117,
  "fields": {
    "name": "Can add Section Analysis Report",
    "content_type": 30,
    "codename": "add_sectionanalysisreport"
  }
},
{
  "model": "auth.permission",
  "pk": 118,
  "fields": {
    "name": "Can change Section Analysis Report",
    "content_type": 30,
    "codename": "change_sectionanalysisreport"
  }
},
{
  "model": "auth.permission",
  "pk": 119,
  "fields": {
    "name": "Can delete Section Analysis Report",
    "content_type": 30,
    "codename": "delete_sectionanalysisreport"
  }
},
{
  "model": "auth.permission",
  "pk": 120,
  "fields": {
    "name": "Can view Section Analysis Report",
    "content_type": 30,
    "codename": "view_sectionanalysisreport"
  }
},
{
  "model": "auth.user",
  "pk": 1,
  "fields": {
    "password": "pbkdf2_sha256$120000$f4AVNP2oD6qV$0NDyG11+GmFjQq8NOFgwmV/Ojg0999gHMbCphil4jWM=",
    "last_login": "2019-01-03T15:30:03.575Z",
    "is_superuser": true,
    "username": "admin",
    "first_name": "",
    "last_name": "",
    "email": "mzarka@kku.edu.sa",
    "is_staff": true,
    "is_active": true,
    "date_joined": "2019-01-03T15:29:25.736Z",
    "groups": [],
    "user_permissions": []
  }
},
{
  "model": "admin.logentry",
  "pk": 1,
  "fields": {
    "action_time": "2019-01-03T15:30:59.429Z",
    "user": 1,
    "content_type": 1,
    "object_id": "1",
    "object_repr": "1439/1440",
    "action_flag": 1,
    "change_message": "[{\"added\": {}}]"
  }
},
{
  "model": "admin.logentry",
  "pk": 2,
  "fields": {
    "action_time": "2019-01-03T15:31:40.693Z",
    "user": 1,
    "content_type": 2,
    "object_id": "1",
    "object_repr": "Term I  -  1439/1440",
    "action_flag": 1,
    "change_message": "[{\"added\": {}}]"
  }
},
{
  "model": "admin.logentry",
  "pk": 3,
  "fields": {
    "action_time": "2019-01-03T15:32:05.996Z",
    "user": 1,
    "content_type": 2,
    "object_id": "2",
    "object_repr": "Term II  -  1439/1440",
    "action_flag": 1,
    "change_message": "[{\"added\": {}}]"
  }
},
{
  "model": "admin.logentry",
  "pk": 4,
  "fields": {
    "action_time": "2019-01-03T17:46:43.302Z",
    "user": 1,
    "content_type": 13,
    "object_id": "1",
    "object_repr": "data/media/documents/upload/ZARKA.xlsx",
    "action_flag": 1,
    "change_message": "[{\"added\": {}}]"
  }
},
{
  "model": "admin.logentry",
  "pk": 5,
  "fields": {
    "action_time": "2019-01-03T17:48:23.864Z",
    "user": 1,
    "content_type": 22,
    "object_id": "1",
    "object_repr": "L1",
    "action_flag": 1,
    "change_message": "[{\"added\": {}}]"
  }
},
{
  "model": "admin.logentry",
  "pk": 6,
  "fields": {
    "action_time": "2019-01-03T17:48:27.844Z",
    "user": 1,
    "content_type": 22,
    "object_id": "2",
    "object_repr": "L2",
    "action_flag": 1,
    "change_message": "[{\"added\": {}}]"
  }
},
{
  "model": "admin.logentry",
  "pk": 7,
  "fields": {
    "action_time": "2019-01-03T17:48:31.221Z",
    "user": 1,
    "content_type": 22,
    "object_id": "3",
    "object_repr": "L3",
    "action_flag": 1,
    "change_message": "[{\"added\": {}}]"
  }
},
{
  "model": "admin.logentry",
  "pk": 8,
  "fields": {
    "action_time": "2019-01-03T17:48:35.472Z",
    "user": 1,
    "content_type": 22,
    "object_id": "4",
    "object_repr": "L4",
    "action_flag": 1,
    "change_message": "[{\"added\": {}}]"
  }
},
{
  "model": "admin.logentry",
  "pk": 9,
  "fields": {
    "action_time": "2019-01-03T17:48:39.389Z",
    "user": 1,
    "content_type": 22,
    "object_id": "5",
    "object_repr": "L5",
    "action_flag": 1,
    "change_message": "[{\"added\": {}}]"
  }
},
{
  "model": "admin.logentry",
  "pk": 10,
  "fields": {
    "action_time": "2019-01-03T17:48:42.347Z",
    "user": 1,
    "content_type": 22,
    "object_id": "6",
    "object_repr": "L6",
    "action_flag": 1,
    "change_message": "[{\"added\": {}}]"
  }
},
{
  "model": "admin.logentry",
  "pk": 11,
  "fields": {
    "action_time": "2019-01-03T17:48:45.009Z",
    "user": 1,
    "content_type": 22,
    "object_id": "7",
    "object_repr": "L7",
    "action_flag": 1,
    "change_message": "[{\"added\": {}}]"
  }
},
{
  "model": "admin.logentry",
  "pk": 12,
  "fields": {
    "action_time": "2019-01-03T17:48:48.298Z",
    "user": 1,
    "content_type": 22,
    "object_id": "8",
    "object_repr": "L8",
    "action_flag": 1,
    "change_message": "[{\"added\": {}}]"
  }
},
{
  "model": "admin.logentry",
  "pk": 13,
  "fields": {
    "action_time": "2019-01-03T17:48:51.115Z",
    "user": 1,
    "content_type": 22,
    "object_id": "9",
    "object_repr": "L9",
    "action_flag": 1,
    "change_message": "[{\"added\": {}}]"
  }
},
{
  "model": "admin.logentry",
  "pk": 14,
  "fields": {
    "action_time": "2019-01-03T17:48:54.213Z",
    "user": 1,
    "content_type": 22,
    "object_id": "10",
    "object_repr": "L10",
    "action_flag": 1,
    "change_message": "[{\"added\": {}}]"
  }
},
{
  "model": "admin.logentry",
  "pk": 15,
  "fields": {
    "action_time": "2019-01-03T17:52:29.886Z",
    "user": 1,
    "content_type": 2,
    "object_id": "1",
    "object_repr": "Term I  -  1439/1440",
    "action_flag": 2,
    "change_message": "[]"
  }
},
{
  "model": "admin.logentry",
  "pk": 16,
  "fields": {
    "action_time": "2019-01-03T18:37:46.588Z",
    "user": 1,
    "content_type": 13,
    "object_id": "2",
    "object_repr": "data/media/documents/upload/translations.csv",
    "action_flag": 1,
    "change_message": "[{\"added\": {}}]"
  }
},
{
  "model": "admin.logentry",
  "pk": 17,
  "fields": {
    "action_time": "2019-01-03T18:37:54.430Z",
    "user": 1,
    "content_type": 13,
    "object_id": "2",
    "object_repr": "data/media/documents/upload/translations.csv",
    "action_flag": 2,
    "change_message": "[{\"changed\": {\"fields\": [\"upload_document_description\"]}}]"
  }
},
{
  "model": "admin.logentry",
  "pk": 18,
  "fields": {
    "action_time": "2019-01-03T18:42:08.682Z",
    "user": 1,
    "content_type": 20,
    "object_id": "25",
    "object_repr": "201---\u0639\u0631\u0628-2(language skills)_Arabic language and its literature",
    "action_flag": 3,
    "change_message": ""
  }
},
{
  "model": "admin.logentry",
  "pk": 19,
  "fields": {
    "action_time": "2019-01-03T18:42:08.686Z",
    "user": 1,
    "content_type": 20,
    "object_id": "11",
    "object_repr": "101---\u062d\u064a\u0627-4(General revival)_Biology",
    "action_flag": 3,
    "change_message": ""
  }
},
{
  "model": "admin.logentry",
  "pk": 20,
  "fields": {
    "action_time": "2019-01-03T18:42:08.689Z",
    "user": 1,
    "content_type": 20,
    "object_id": "26",
    "object_repr": "101---\u062f\u0627\u0631-3(Asset Management)_Business Administration",
    "action_flag": 3,
    "change_message": ""
  }
},
{
  "model": "admin.logentry",
  "pk": 21,
  "fields": {
    "action_time": "2019-01-03T18:42:08.691Z",
    "user": 1,
    "content_type": 20,
    "object_id": "12",
    "object_repr": "101---\u0643\u064a\u0645-4(General Chemistry)_Chemistry",
    "action_flag": 3,
    "change_message": ""
  }
},
{
  "model": "admin.logentry",
  "pk": 22,
  "fields": {
    "action_time": "2019-01-03T18:42:08.694Z",
    "user": 1,
    "content_type": 20,
    "object_id": "6",
    "object_repr": "011---\u0639\u0627\u0644-3(Introduction to the computer)_Computer Science",
    "action_flag": 3,
    "change_message": ""
  }
},
{
  "model": "admin.logentry",
  "pk": 23,
  "fields": {
    "action_time": "2019-01-03T18:42:08.697Z",
    "user": 1,
    "content_type": 20,
    "object_id": "3",
    "object_repr": "012---\u0639\u0627\u0644-3(Computer programming)_Computer Science",
    "action_flag": 3,
    "change_message": ""
  }
},
{
  "model": "admin.logentry",
  "pk": 24,
  "fields": {
    "action_time": "2019-01-03T18:42:08.700Z",
    "user": 1,
    "content_type": 20,
    "object_id": "5",
    "object_repr": "101---\u062d\u0627\u0644\u062c-2(computer)_Computer Science",
    "action_flag": 3,
    "change_message": ""
  }
},
{
  "model": "admin.logentry",
  "pk": 25,
  "fields": {
    "action_time": "2019-01-03T18:42:08.703Z",
    "user": 1,
    "content_type": 20,
    "object_id": "4",
    "object_repr": "114---\u0639\u0627\u0644-4(Purpose oriented programming)_Computer Science",
    "action_flag": 3,
    "change_message": ""
  }
},
{
  "model": "admin.logentry",
  "pk": 26,
  "fields": {
    "action_time": "2019-01-03T18:42:08.705Z",
    "user": 1,
    "content_type": 20,
    "object_id": "15",
    "object_repr": "012---\u0646\u062c\u0644-6(Intensive English Program)_English",
    "action_flag": 3,
    "change_message": ""
  }
},
{
  "model": "admin.logentry",
  "pk": 27,
  "fields": {
    "action_time": "2019-01-03T18:42:08.708Z",
    "user": 1,
    "content_type": 20,
    "object_id": "18",
    "object_repr": "110---\u0625\u0646\u062c-3(Listening and Speaking - 1)_English",
    "action_flag": 3,
    "change_message": ""
  }
},
{
  "model": "admin.logentry",
  "pk": 28,
  "fields": {
    "action_time": "2019-01-03T18:42:08.711Z",
    "user": 1,
    "content_type": 20,
    "object_id": "22",
    "object_repr": "113---\u0625\u0646\u062c-3(Rules - 1)_English",
    "action_flag": 3,
    "change_message": ""
  }
},
{
  "model": "admin.logentry",
  "pk": 29,
  "fields": {
    "action_time": "2019-01-03T18:42:08.714Z",
    "user": 1,
    "content_type": 20,
    "object_id": "23",
    "object_repr": "117---\u0625\u0646\u062c-3(Rules - 2)_English",
    "action_flag": 3,
    "change_message": ""
  }
},
{
  "model": "admin.logentry",
  "pk": 30,
  "fields": {
    "action_time": "2019-01-03T18:42:08.717Z",
    "user": 1,
    "content_type": 20,
    "object_id": "16",
    "object_repr": "217---\u0625\u0646\u062c-2(Writing - 4)_English",
    "action_flag": 3,
    "change_message": ""
  }
},
{
  "model": "admin.logentry",
  "pk": 31,
  "fields": {
    "action_time": "2019-01-03T18:42:08.719Z",
    "user": 1,
    "content_type": 20,
    "object_id": "19",
    "object_repr": "331---\u0625\u0646\u062c-2(short story)_English",
    "action_flag": 3,
    "change_message": ""
  }
},
{
  "model": "admin.logentry",
  "pk": 32,
  "fields": {
    "action_time": "2019-01-03T18:42:08.722Z",
    "user": 1,
    "content_type": 20,
    "object_id": "17",
    "object_repr": "433---\u0625\u0646\u062c-2(Modern literary movements)_English",
    "action_flag": 3,
    "change_message": ""
  }
},
{
  "model": "admin.logentry",
  "pk": 33,
  "fields": {
    "action_time": "2019-01-03T18:42:08.724Z",
    "user": 1,
    "content_type": 20,
    "object_id": "2",
    "object_repr": "121---\u0646\u0627\u0644-3(Introduction to Information Systems)_Information Systems",
    "action_flag": 3,
    "change_message": ""
  }
},
{
  "model": "admin.logentry",
  "pk": 34,
  "fields": {
    "action_time": "2019-01-03T18:42:08.727Z",
    "user": 1,
    "content_type": 20,
    "object_id": "30",
    "object_repr": "222---\u0646\u0627\u0644-4(Database management systems)_Information Systems",
    "action_flag": 3,
    "change_message": ""
  }
},
{
  "model": "admin.logentry",
  "pk": 35,
  "fields": {
    "action_time": "2019-01-03T18:42:08.730Z",
    "user": 1,
    "content_type": 20,
    "object_id": "31",
    "object_repr": "223---\u0646\u0627\u0644-3(Data stores and mines)_Information Systems",
    "action_flag": 3,
    "change_message": ""
  }
},
{
  "model": "admin.logentry",
  "pk": 36,
  "fields": {
    "action_time": "2019-01-03T18:42:08.733Z",
    "user": 1,
    "content_type": 20,
    "object_id": "24",
    "object_repr": "111---\u0633\u0644\u0645-2(Introduction to Islamic Culture)_Jurisprudence",
    "action_flag": 3,
    "change_message": ""
  }
},
{
  "model": "admin.logentry",
  "pk": 37,
  "fields": {
    "action_time": "2019-01-03T18:42:08.736Z",
    "user": 1,
    "content_type": 20,
    "object_id": "8",
    "object_repr": "001---\u0631\u064a\u0636-3(Mathematics-)_Mathematics",
    "action_flag": 3,
    "change_message": ""
  }
},
{
  "model": "admin.logentry",
  "pk": 38,
  "fields": {
    "action_time": "2019-01-03T18:42:08.739Z",
    "user": 1,
    "content_type": 20,
    "object_id": "10",
    "object_repr": "113---\u0631\u064a\u0636-3(Difference and completeness)_Mathematics",
    "action_flag": 3,
    "change_message": ""
  }
},
{
  "model": "admin.logentry",
  "pk": 39,
  "fields": {
    "action_time": "2019-01-03T18:42:08.743Z",
    "user": 1,
    "content_type": 20,
    "object_id": "9",
    "object_repr": "101---\u0641\u064a\u0632-4(Introduction to Physics)_Physics",
    "action_flag": 3,
    "change_message": ""
  }
},
{
  "model": "admin.logentry",
  "pk": 40,
  "fields": {
    "action_time": "2019-01-03T18:42:08.746Z",
    "user": 1,
    "content_type": 20,
    "object_id": "13",
    "object_repr": "104---\u0641\u064a\u0632-4(Principles of Physics)_Physics",
    "action_flag": 3,
    "change_message": ""
  }
},
{
  "model": "admin.logentry",
  "pk": 41,
  "fields": {
    "action_time": "2019-01-03T18:42:19.267Z",
    "user": 1,
    "content_type": 21,
    "object_id": "9",
    "object_repr": "Arabic language and its literature",
    "action_flag": 3,
    "change_message": ""
  }
},
{
  "model": "admin.logentry",
  "pk": 42,
  "fields": {
    "action_time": "2019-01-03T18:42:19.270Z",
    "user": 1,
    "content_type": 21,
    "object_id": "5",
    "object_repr": "Biology",
    "action_flag": 3,
    "change_message": ""
  }
},
{
  "model": "admin.logentry",
  "pk": 43,
  "fields": {
    "action_time": "2019-01-03T18:42:19.280Z",
    "user": 1,
    "content_type": 21,
    "object_id": "10",
    "object_repr": "Business Administration",
    "action_flag": 3,
    "change_message": ""
  }
},
{
  "model": "admin.logentry",
  "pk": 44,
  "fields": {
    "action_time": "2019-01-03T18:42:19.283Z",
    "user": 1,
    "content_type": 21,
    "object_id": "6",
    "object_repr": "Chemistry",
    "action_flag": 3,
    "change_message": ""
  }
},
{
  "model": "admin.logentry",
  "pk": 45,
  "fields": {
    "action_time": "2019-01-03T18:42:19.286Z",
    "user": 1,
    "content_type": 21,
    "object_id": "2",
    "object_repr": "Computer Science",
    "action_flag": 3,
    "change_message": ""
  }
},
{
  "model": "admin.logentry",
  "pk": 46,
  "fields": {
    "action_time": "2019-01-03T18:42:19.289Z",
    "user": 1,
    "content_type": 21,
    "object_id": "7",
    "object_repr": "English",
    "action_flag": 3,
    "change_message": ""
  }
},
{
  "model": "admin.logentry",
  "pk": 47,
  "fields": {
    "action_time": "2019-01-03T18:42:19.291Z",
    "user": 1,
    "content_type": 21,
    "object_id": "1",
    "object_repr": "Information Systems",
    "action_flag": 3,
    "change_message": ""
  }
},
{
  "model": "admin.logentry",
  "pk": 48,
  "fields": {
    "action_time": "2019-01-03T18:42:19.294Z",
    "user": 1,
    "content_type": 21,
    "object_id": "8",
    "object_repr": "Jurisprudence",
    "action_flag": 3,
    "change_message": ""
  }
},
{
  "model": "admin.logentry",
  "pk": 49,
  "fields": {
    "action_time": "2019-01-03T18:42:19.297Z",
    "user": 1,
    "content_type": 21,
    "object_id": "3",
    "object_repr": "Mathematics",
    "action_flag": 3,
    "change_message": ""
  }
},
{
  "model": "admin.logentry",
  "pk": 50,
  "fields": {
    "action_time": "2019-01-03T18:42:19.299Z",
    "user": 1,
    "content_type": 21,
    "object_id": "4",
    "object_repr": "Physics",
    "action_flag": 3,
    "change_message": ""
  }
},
{
  "model": "admin.logentry",
  "pk": 51,
  "fields": {
    "action_time": "2019-01-03T18:42:32.124Z",
    "user": 1,
    "content_type": 23,
    "object_id": "1",
    "object_repr": "The Academic Complex of Athenuma",
    "action_flag": 3,
    "change_message": ""
  }
},
{
  "model": "admin.logentry",
  "pk": 52,
  "fields": {
    "action_time": "2019-01-03T18:42:41.813Z",
    "user": 1,
    "content_type": 27,
    "object_id": "2",
    "object_repr": " ----- \u0627\u062d\u0645\u062f \u0633\u0639\u064a\u062f \u0627\u062d\u0645\u062f \u0639\u0628\u062f\u0627\u0644\u0644\u0647 ",
    "action_flag": 3,
    "change_message": ""
  }
},
{
  "model": "admin.logentry",
  "pk": 53,
  "fields": {
    "action_time": "2019-01-03T18:42:41.816Z",
    "user": 1,
    "content_type": 27,
    "object_id": "7",
    "object_repr": " ----- \u0634\u0645\u064a\u0645 \u0627\u0644\u062d\u0642 \u0627\u0646\u0632\u0627\u0631\u0644 \u0627\u0646\u0632\u0627\u0631\u0644 ",
    "action_flag": 3,
    "change_message": ""
  }
},
{
  "model": "admin.logentry",
  "pk": 54,
  "fields": {
    "action_time": "2019-01-03T18:42:41.819Z",
    "user": 1,
    "content_type": 27,
    "object_id": "4",
    "object_repr": " ----- \u0635\u0628\u0627\u062d\u064a \u0639\u0628\u062f\u0627\u0644\u0642\u0627\u062f\u0631 \u0627\u0644\u0627\u0645\u0627\u0645 \u0627\u062d\u0645\u062f ",
    "action_flag": 3,
    "change_message": ""
  }
},
{
  "model": "admin.logentry",
  "pk": 55,
  "fields": {
    "action_time": "2019-01-03T18:42:41.821Z",
    "user": 1,
    "content_type": 27,
    "object_id": "3",
    "object_repr": " ----- \u0639\u0628\u062f\u0627\u0644\u0631\u062d\u0645\u0646 \u0628\u0646 \u0645\u0641\u0631\u062d \u0628\u0646 \u0645\u062d\u0645\u062f \u0627\u0644\u062c\u0647\u0628\u0644\u064a \u0627\u0644\u0632\u0647\u0631\u0627\u0646\u064a ",
    "action_flag": 3,
    "change_message": ""
  }
},
{
  "model": "admin.logentry",
  "pk": 56,
  "fields": {
    "action_time": "2019-01-03T18:42:41.824Z",
    "user": 1,
    "content_type": 27,
    "object_id": "6",
    "object_repr": " ----- \u0639\u0628\u062f \u0627\u0644\u0639\u0632\u064a\u0632 \u0645\u062d\u0645\u062f  \u0639\u0644\u064a \u062e\u0645\u062c  \u0627\u0644\u0634\u0627\u0639\u0631\u064a  ",
    "action_flag": 3,
    "change_message": ""
  }
},
{
  "model": "admin.logentry",
  "pk": 57,
  "fields": {
    "action_time": "2019-01-03T18:42:41.827Z",
    "user": 1,
    "content_type": 27,
    "object_id": "5",
    "object_repr": " ----- \u0645\u0624\u064a\u062f \u0645\u062d\u0645\u062f \u0639\u0644\u064a \u0627\u0644\u0628\u0627\u0631\u064a ",
    "action_flag": 3,
    "change_message": ""
  }
},
{
  "model": "admin.logentry",
  "pk": 58,
  "fields": {
    "action_time": "2019-01-03T18:42:41.829Z",
    "user": 1,
    "content_type": 27,
    "object_id": "1",
    "object_repr": " ----- \u0645\u062d\u0645\u062f \u0627\u0628\u0631\u0627\u0647\u064a\u0645 \u0627\u062d\u0645\u062f \u0627\u0644\u0641\u0643\u064a ",
    "action_flag": 3,
    "change_message": ""
  }
},
{
  "model": "admin.logentry",
  "pk": 59,
  "fields": {
    "action_time": "2019-01-03T19:24:48.790Z",
    "user": 1,
    "content_type": 2,
    "object_id": "1",
    "object_repr": "Term I  -  1439/1440",
    "action_flag": 2,
    "change_message": "[{\"changed\": {\"fields\": [\"semester_isInUse\"]}}]"
  }
},
{
  "model": "admin.logentry",
  "pk": 60,
  "fields": {
    "action_time": "2019-01-04T19:15:55.448Z",
    "user": 1,
    "content_type": 26,
    "object_id": "139",
    "object_repr": "[1] 011---\u0646\u062c\u0644-6(Intensive English Program - 1)_English Language",
    "action_flag": 2,
    "change_message": "[]"
  }
},
{
  "model": "admin.logentry",
  "pk": 61,
  "fields": {
    "action_time": "2019-01-04T19:22:27.809Z",
    "user": 1,
    "content_type": 26,
    "object_id": "33",
    "object_repr": "[20] [121---\u0646\u0627\u0644-3] Introduction to Information Systems",
    "action_flag": 2,
    "change_message": "[{\"changed\": {\"fields\": [\"section_department\"]}}]"
  }
},
{
  "model": "admin.logentry",
  "pk": 62,
  "fields": {
    "action_time": "2019-01-04T19:22:38.731Z",
    "user": 1,
    "content_type": 26,
    "object_id": "34",
    "object_repr": "[24] [222---\u0646\u0627\u0644-4] Database management systems",
    "action_flag": 2,
    "change_message": "[{\"changed\": {\"fields\": [\"section_department\"]}}]"
  }
},
{
  "model": "admin.logentry",
  "pk": 63,
  "fields": {
    "action_time": "2019-01-04T19:22:46.780Z",
    "user": 1,
    "content_type": 26,
    "object_id": "35",
    "object_repr": "[32] [223---\u0646\u0627\u0644-3] Data Warehousing & Data Mining",
    "action_flag": 2,
    "change_message": "[{\"changed\": {\"fields\": [\"section_department\"]}}]"
  }
},
{
  "model": "admin.logentry",
  "pk": 64,
  "fields": {
    "action_time": "2019-01-04T19:23:02.390Z",
    "user": 1,
    "content_type": 26,
    "object_id": "36",
    "object_repr": "[50] [362---\u0646\u0627\u0644-3] Internet Technologies",
    "action_flag": 2,
    "change_message": "[{\"changed\": {\"fields\": [\"section_department\"]}}]"
  }
},
{
  "model": "admin.logentry",
  "pk": 65,
  "fields": {
    "action_time": "2019-01-04T19:23:06.689Z",
    "user": 1,
    "content_type": 26,
    "object_id": "37",
    "object_repr": "[179] [473---\u0646\u0627\u0644-2] Computing Ethics & Society",
    "action_flag": 2,
    "change_message": "[{\"changed\": {\"fields\": [\"section_department\"]}}]"
  }
},
{
  "model": "admin.logentry",
  "pk": 66,
  "fields": {
    "action_time": "2019-01-04T19:59:46.352Z",
    "user": 1,
    "content_type": 13,
    "object_id": "3",
    "object_repr": "data/media/documents/upload/section_1.xls",
    "action_flag": 1,
    "change_message": "[{\"added\": {}}]"
  }
},
{
  "model": "admin.logentry",
  "pk": 67,
  "fields": {
    "action_time": "2019-01-04T19:59:55.289Z",
    "user": 1,
    "content_type": 13,
    "object_id": "4",
    "object_repr": "data/media/documents/upload/section_2.xls",
    "action_flag": 1,
    "change_message": "[{\"added\": {}}]"
  }
},
{
  "model": "admin.logentry",
  "pk": 68,
  "fields": {
    "action_time": "2019-01-04T20:00:03.688Z",
    "user": 1,
    "content_type": 13,
    "object_id": "5",
    "object_repr": "data/media/documents/upload/section_5.xls",
    "action_flag": 1,
    "change_message": "[{\"added\": {}}]"
  }
},
{
  "model": "admin.logentry",
  "pk": 69,
  "fields": {
    "action_time": "2019-01-04T20:00:14.480Z",
    "user": 1,
    "content_type": 13,
    "object_id": "6",
    "object_repr": "data/media/documents/upload/section_8.xls",
    "action_flag": 1,
    "change_message": "[{\"added\": {}}]"
  }
},
{
  "model": "admin.logentry",
  "pk": 70,
  "fields": {
    "action_time": "2019-01-04T20:13:20.685Z",
    "user": 1,
    "content_type": 13,
    "object_id": "3",
    "object_repr": "data/media/documents/upload/section_1.xls",
    "action_flag": 2,
    "change_message": "[{\"changed\": {\"fields\": [\"upload_document_document\"]}}]"
  }
},
{
  "model": "admin.logentry",
  "pk": 71,
  "fields": {
    "action_time": "2019-01-04T20:33:33.522Z",
    "user": 1,
    "content_type": 23,
    "object_id": "2",
    "object_repr": "The Academic Campus in Tanumah",
    "action_flag": 3,
    "change_message": ""
  }
},
{
  "model": "admin.logentry",
  "pk": 72,
  "fields": {
    "action_time": "2019-01-04T20:37:05.494Z",
    "user": 1,
    "content_type": 28,
    "object_id": "83",
    "object_repr": "\u0634\u0628\u0643\u0627\u062a \u0627\u0644\u062d\u0627\u0633\u0628 - 1",
    "action_flag": 2,
    "change_message": "[{\"changed\": {\"fields\": [\"translation_en\"]}}]"
  }
},
{
  "model": "admin.logentry",
  "pk": 73,
  "fields": {
    "action_time": "2019-01-04T20:37:17.811Z",
    "user": 1,
    "content_type": 28,
    "object_id": "84",
    "object_repr": "\u0634\u0628\u0643\u0627\u062a \u0627\u0644\u062d\u0627\u0633\u0628 - 2",
    "action_flag": 2,
    "change_message": "[{\"changed\": {\"fields\": [\"translation_en\"]}}]"
  }
},
{
  "model": "admin.logentry",
  "pk": 74,
  "fields": {
    "action_time": "2019-01-04T20:38:13.581Z",
    "user": 1,
    "content_type": 28,
    "object_id": "43",
    "object_repr": "\u0627\u0644\u0642\u0635\u0629 \u0627\u0644\u0642\u0635\u064a\u0631\u0629",
    "action_flag": 2,
    "change_message": "[{\"changed\": {\"fields\": [\"translation_en\"]}}]"
  }
},
{
  "model": "admin.logentry",
  "pk": 75,
  "fields": {
    "action_time": "2019-01-04T20:42:43.707Z",
    "user": 1,
    "content_type": 23,
    "object_id": "3",
    "object_repr": "The Academic Campus in Tanumah",
    "action_flag": 3,
    "change_message": ""
  }
},
{
  "model": "admin.logentry",
  "pk": 76,
  "fields": {
    "action_time": "2019-01-05T09:28:21.877Z",
    "user": 1,
    "content_type": 30,
    "object_id": "1",
    "object_repr": "Section Report for the section 153(Course= Islamic Culture - 3)",
    "action_flag": 1,
    "change_message": "[{\"added\": {}}]"
  }
},
{
  "model": "admin.logentry",
  "pk": 77,
  "fields": {
    "action_time": "2019-01-05T09:30:26.593Z",
    "user": 1,
    "content_type": 30,
    "object_id": "1",
    "object_repr": "Section Report for the section 153(Course= Islamic Culture - 3)",
    "action_flag": 2,
    "change_message": "[{\"changed\": {\"fields\": [\"file\"]}}]"
  }
},
{
  "model": "admin.logentry",
  "pk": 78,
  "fields": {
    "action_time": "2019-01-05T09:31:47.966Z",
    "user": 1,
    "content_type": 30,
    "object_id": "1",
    "object_repr": "Section Report for the section 153(Course= Islamic Culture - 3)",
    "action_flag": 2,
    "change_message": "[{\"changed\": {\"fields\": [\"file\"]}}]"
  }
},
{
  "model": "admin.logentry",
  "pk": 79,
  "fields": {
    "action_time": "2019-01-05T09:32:40.912Z",
    "user": 1,
    "content_type": 30,
    "object_id": "2",
    "object_repr": "Section Report for the section 155(Course= Islamic Culture - 4)",
    "action_flag": 1,
    "change_message": "[{\"added\": {}}]"
  }
},
{
  "model": "admin.logentry",
  "pk": 80,
  "fields": {
    "action_time": "2019-01-05T09:35:38.208Z",
    "user": 1,
    "content_type": 30,
    "object_id": "3",
    "object_repr": "Section Report for the section 147(Course= Introduction to Islamic Culture)",
    "action_flag": 1,
    "change_message": "[{\"added\": {}}]"
  }
},
{
  "model": "admin.logentry",
  "pk": 81,
  "fields": {
    "action_time": "2019-01-05T09:36:01.068Z",
    "user": 1,
    "content_type": 30,
    "object_id": "4",
    "object_repr": "Section Report for the section 151(Course= Islamic Culture -2)",
    "action_flag": 1,
    "change_message": "[{\"added\": {}}]"
  }
},
{
  "model": "admin.logentry",
  "pk": 82,
  "fields": {
    "action_time": "2019-01-05T09:51:22.369Z",
    "user": 1,
    "content_type": 29,
    "object_id": "2",
    "object_repr": "Course Report for = Islamic Culture -2",
    "action_flag": 1,
    "change_message": "[{\"added\": {}}]"
  }
},
{
  "model": "admin.logentry",
  "pk": 83,
  "fields": {
    "action_time": "2019-01-05T09:51:32.416Z",
    "user": 1,
    "content_type": 29,
    "object_id": "2",
    "object_repr": "Course Report for = Islamic Culture -2",
    "action_flag": 2,
    "change_message": "[]"
  }
},
{
  "model": "admin.logentry",
  "pk": 84,
  "fields": {
    "action_time": "2019-01-05T09:52:56.076Z",
    "user": 1,
    "content_type": 30,
    "object_id": "5",
    "object_repr": "Section Report for the section 163(Course= Arab Editing)",
    "action_flag": 1,
    "change_message": "[{\"added\": {}}]"
  }
},
{
  "model": "admin.logentry",
  "pk": 85,
  "fields": {
    "action_time": "2019-01-05T09:53:14.472Z",
    "user": 1,
    "content_type": 30,
    "object_id": "6",
    "object_repr": "Section Report for the section 208(Course= language skills)",
    "action_flag": 1,
    "change_message": "[{\"added\": {}}]"
  }
},
{
  "model": "admin.logentry",
  "pk": 86,
  "fields": {
    "action_time": "2019-01-05T09:55:35.141Z",
    "user": 1,
    "content_type": 30,
    "object_id": "7",
    "object_repr": "Section Report for the section 18(Course= Algorithms and data structures -1)",
    "action_flag": 1,
    "change_message": "[{\"added\": {}}]"
  }
},
{
  "model": "admin.logentry",
  "pk": 87,
  "fields": {
    "action_time": "2019-01-05T09:55:57.181Z",
    "user": 1,
    "content_type": 30,
    "object_id": "8",
    "object_repr": "Section Report for the section 28(Course= Algorithms and data structures -2)",
    "action_flag": 1,
    "change_message": "[{\"added\": {}}]"
  }
},
{
  "model": "admin.logentry",
  "pk": 88,
  "fields": {
    "action_time": "2019-01-05T09:56:11.734Z",
    "user": 1,
    "content_type": 30,
    "object_id": "9",
    "object_repr": "Section Report for the section 34(Course= Digital Logic)",
    "action_flag": 1,
    "change_message": "[{\"added\": {}}]"
  }
},
{
  "model": "admin.logentry",
  "pk": 89,
  "fields": {
    "action_time": "2019-01-05T09:56:23.721Z",
    "user": 1,
    "content_type": 30,
    "object_id": "10",
    "object_repr": "Section Report for the section 48(Course= Microprocessors and assembly language)",
    "action_flag": 1,
    "change_message": "[{\"added\": {}}]"
  }
},
{
  "model": "admin.logentry",
  "pk": 90,
  "fields": {
    "action_time": "2019-01-05T09:56:35.226Z",
    "user": 1,
    "content_type": 30,
    "object_id": "11",
    "object_repr": "Section Report for the section 60(Course= Software Engineering -2-)",
    "action_flag": 1,
    "change_message": "[{\"added\": {}}]"
  }
},
{
  "model": "admin.logentry",
  "pk": 91,
  "fields": {
    "action_time": "2019-01-05T09:56:52.177Z",
    "user": 1,
    "content_type": 30,
    "object_id": "12",
    "object_repr": "Section Report for the section 203(Course= Computer)",
    "action_flag": 1,
    "change_message": "[{\"added\": {}}]"
  }
},
{
  "model": "admin.logentry",
  "pk": 92,
  "fields": {
    "action_time": "2019-01-05T10:02:57.121Z",
    "user": 1,
    "content_type": 30,
    "object_id": "13",
    "object_repr": "Section Report for the section 38(Course= Programming Languages)",
    "action_flag": 1,
    "change_message": "[{\"added\": {}}]"
  }
},
{
  "model": "admin.logentry",
  "pk": 93,
  "fields": {
    "action_time": "2019-01-05T10:03:08.250Z",
    "user": 1,
    "content_type": 30,
    "object_id": "14",
    "object_repr": "Section Report for the section 40(Course= Operating systems - 1)",
    "action_flag": 1,
    "change_message": "[{\"added\": {}}]"
  }
},
{
  "model": "admin.logentry",
  "pk": 94,
  "fields": {
    "action_time": "2019-01-05T10:03:18.173Z",
    "user": 1,
    "content_type": 30,
    "object_id": "15",
    "object_repr": "Section Report for the section 44(Course= Computer Networks - 1)",
    "action_flag": 1,
    "change_message": "[{\"added\": {}}]"
  }
},
{
  "model": "admin.logentry",
  "pk": 95,
  "fields": {
    "action_time": "2019-01-05T10:03:28.979Z",
    "user": 1,
    "content_type": 30,
    "object_id": "16",
    "object_repr": "Section Report for the section 50(Course= Internet Technologies)",
    "action_flag": 1,
    "change_message": "[{\"added\": {}}]"
  }
},
{
  "model": "admin.logentry",
  "pk": 96,
  "fields": {
    "action_time": "2019-01-05T10:04:02.309Z",
    "user": 1,
    "content_type": 30,
    "object_id": "17",
    "object_repr": "Section Report for the section 56(Course= Operating systems - 2)",
    "action_flag": 1,
    "change_message": "[{\"added\": {}}]"
  }
},
{
  "model": "admin.logentry",
  "pk": 97,
  "fields": {
    "action_time": "2019-01-05T10:13:38.304Z",
    "user": 1,
    "content_type": 30,
    "object_id": "18",
    "object_repr": "Section Report for the section 92(Course= Writing - 2)",
    "action_flag": 1,
    "change_message": "[{\"added\": {}}]"
  }
},
{
  "model": "admin.logentry",
  "pk": 98,
  "fields": {
    "action_time": "2019-01-05T10:13:53.428Z",
    "user": 1,
    "content_type": 30,
    "object_id": "18",
    "object_repr": "Section Report for the section 92(Course= Writing - 2)",
    "action_flag": 2,
    "change_message": "[{\"changed\": {\"fields\": [\"remarks\"]}}]"
  }
},
{
  "model": "admin.logentry",
  "pk": 99,
  "fields": {
    "action_time": "2019-01-05T10:14:29.640Z",
    "user": 1,
    "content_type": 30,
    "object_id": "19",
    "object_repr": "Section Report for the section 95(Course= Study skills)",
    "action_flag": 1,
    "change_message": "[{\"added\": {}}]"
  }
},
{
  "model": "admin.logentry",
  "pk": 100,
  "fields": {
    "action_time": "2019-01-05T10:14:53.923Z",
    "user": 1,
    "content_type": 30,
    "object_id": "20",
    "object_repr": "Section Report for the section 110(Course= Reading and comprehension - 3)",
    "action_flag": 1,
    "change_message": "[{\"added\": {}}]"
  }
},
{
  "model": "admin.logentry",
  "pk": 101,
  "fields": {
    "action_time": "2019-01-05T10:15:20.263Z",
    "user": 1,
    "content_type": 30,
    "object_id": "21",
    "object_repr": "Section Report for the section 113(Course= Grammar - 4)",
    "action_flag": 1,
    "change_message": "[{\"added\": {}}]"
  }
},
{
  "model": "admin.logentry",
  "pk": 102,
  "fields": {
    "action_time": "2019-01-05T10:19:00.850Z",
    "user": 1,
    "content_type": 30,
    "object_id": "22",
    "object_repr": "Section Report for the section 114(Course= Listening and Speaking - 4)",
    "action_flag": 1,
    "change_message": "[{\"added\": {}}]"
  }
},
{
  "model": "admin.logentry",
  "pk": 103,
  "fields": {
    "action_time": "2019-01-05T10:19:34.264Z",
    "user": 1,
    "content_type": 30,
    "object_id": "23",
    "object_repr": "Section Report for the section 121(Course= Listening and Speaking - 4)",
    "action_flag": 1,
    "change_message": "[{\"added\": {}}]"
  }
},
{
  "model": "admin.logentry",
  "pk": 104,
  "fields": {
    "action_time": "2019-01-05T10:19:51.001Z",
    "user": 1,
    "content_type": 30,
    "object_id": "24",
    "object_repr": "Section Report for the section 185(Course= Project - 2)",
    "action_flag": 1,
    "change_message": "[{\"added\": {}}]"
  }
},
{
  "model": "admin.logentry",
  "pk": 105,
  "fields": {
    "action_time": "2019-01-05T10:21:21.488Z",
    "user": 1,
    "content_type": 29,
    "object_id": "3",
    "object_repr": "Course Report for = Study skills",
    "action_flag": 1,
    "change_message": "[{\"added\": {}}]"
  }
},
{
  "model": "admin.logentry",
  "pk": 106,
  "fields": {
    "action_time": "2019-01-05T10:21:57.987Z",
    "user": 1,
    "content_type": 29,
    "object_id": "4",
    "object_repr": "Course Report for = Listening and Speaking - 4",
    "action_flag": 1,
    "change_message": "[{\"added\": {}}]"
  }
},
{
  "model": "admin.logentry",
  "pk": 107,
  "fields": {
    "action_time": "2019-01-05T12:23:35.106Z",
    "user": 1,
    "content_type": 30,
    "object_id": "25",
    "object_repr": "Section Report for the section 22(Course= Computer vision)",
    "action_flag": 1,
    "change_message": "[{\"added\": {}}]"
  }
},
{
  "model": "admin.logentry",
  "pk": 108,
  "fields": {
    "action_time": "2019-01-05T12:35:05.413Z",
    "user": 1,
    "content_type": 30,
    "object_id": "26",
    "object_repr": "Section Report for the section 5(Course= Computer programming - 1)",
    "action_flag": 1,
    "change_message": "[{\"added\": {}}]"
  }
},
{
  "model": "admin.logentry",
  "pk": 109,
  "fields": {
    "action_time": "2019-01-05T12:39:15.713Z",
    "user": 1,
    "content_type": 30,
    "object_id": "26",
    "object_repr": "Section Report for the section 5(Course= Computer programming - 1)",
    "action_flag": 2,
    "change_message": "[{\"changed\": {\"fields\": [\"file\"]}}]"
  }
},
{
  "model": "admin.logentry",
  "pk": 110,
  "fields": {
    "action_time": "2019-01-05T12:45:20.854Z",
    "user": 1,
    "content_type": 30,
    "object_id": "27",
    "object_repr": "Section Report for the section 30(Course= Statistical Programming)",
    "action_flag": 1,
    "change_message": "[{\"added\": {}}]"
  }
},
{
  "model": "admin.logentry",
  "pk": 111,
  "fields": {
    "action_time": "2019-01-05T13:10:08.645Z",
    "user": 1,
    "content_type": 30,
    "object_id": "26",
    "object_repr": "Section Report for the section 5(Course= Computer programming - 1)",
    "action_flag": 2,
    "change_message": "[{\"changed\": {\"fields\": [\"file\"]}}]"
  }
},
{
  "model": "admin.logentry",
  "pk": 112,
  "fields": {
    "action_time": "2019-01-05T13:12:01.784Z",
    "user": 1,
    "content_type": 30,
    "object_id": "26",
    "object_repr": "Section Report for the section 5(Course= Computer programming - 1)",
    "action_flag": 2,
    "change_message": "[{\"changed\": {\"fields\": [\"file\"]}}]"
  }
},
{
  "model": "admin.logentry",
  "pk": 113,
  "fields": {
    "action_time": "2019-01-05T13:12:14.205Z",
    "user": 1,
    "content_type": 30,
    "object_id": "7",
    "object_repr": "Section Report for the section 18(Course= Algorithms and data structures -1)",
    "action_flag": 2,
    "change_message": "[{\"changed\": {\"fields\": [\"file\"]}}]"
  }
},
{
  "model": "admin.logentry",
  "pk": 114,
  "fields": {
    "action_time": "2019-01-05T13:12:20.527Z",
    "user": 1,
    "content_type": 30,
    "object_id": "25",
    "object_repr": "Section Report for the section 22(Course= Computer vision)",
    "action_flag": 2,
    "change_message": "[{\"changed\": {\"fields\": [\"file\"]}}]"
  }
},
{
  "model": "admin.logentry",
  "pk": 115,
  "fields": {
    "action_time": "2019-01-05T13:12:26.573Z",
    "user": 1,
    "content_type": 30,
    "object_id": "8",
    "object_repr": "Section Report for the section 28(Course= Algorithms and data structures -2)",
    "action_flag": 2,
    "change_message": "[{\"changed\": {\"fields\": [\"file\"]}}]"
  }
},
{
  "model": "admin.logentry",
  "pk": 116,
  "fields": {
    "action_time": "2019-01-05T13:12:32.412Z",
    "user": 1,
    "content_type": 30,
    "object_id": "27",
    "object_repr": "Section Report for the section 30(Course= Statistical Programming)",
    "action_flag": 2,
    "change_message": "[{\"changed\": {\"fields\": [\"file\"]}}]"
  }
},
{
  "model": "admin.logentry",
  "pk": 117,
  "fields": {
    "action_time": "2019-01-05T13:12:39.258Z",
    "user": 1,
    "content_type": 30,
    "object_id": "9",
    "object_repr": "Section Report for the section 34(Course= Digital Logic)",
    "action_flag": 2,
    "change_message": "[{\"changed\": {\"fields\": [\"file\"]}}]"
  }
},
{
  "model": "admin.logentry",
  "pk": 118,
  "fields": {
    "action_time": "2019-01-05T13:12:44.926Z",
    "user": 1,
    "content_type": 30,
    "object_id": "13",
    "object_repr": "Section Report for the section 38(Course= Programming Languages)",
    "action_flag": 2,
    "change_message": "[{\"changed\": {\"fields\": [\"file\"]}}]"
  }
},
{
  "model": "admin.logentry",
  "pk": 119,
  "fields": {
    "action_time": "2019-01-05T13:12:52.255Z",
    "user": 1,
    "content_type": 30,
    "object_id": "14",
    "object_repr": "Section Report for the section 40(Course= Operating systems - 1)",
    "action_flag": 2,
    "change_message": "[{\"changed\": {\"fields\": [\"file\"]}}]"
  }
},
{
  "model": "admin.logentry",
  "pk": 120,
  "fields": {
    "action_time": "2019-01-05T13:12:58.661Z",
    "user": 1,
    "content_type": 30,
    "object_id": "15",
    "object_repr": "Section Report for the section 44(Course= Computer Networks - 1)",
    "action_flag": 2,
    "change_message": "[{\"changed\": {\"fields\": [\"file\"]}}]"
  }
},
{
  "model": "admin.logentry",
  "pk": 121,
  "fields": {
    "action_time": "2019-01-05T13:13:04.753Z",
    "user": 1,
    "content_type": 30,
    "object_id": "10",
    "object_repr": "Section Report for the section 48(Course= Microprocessors and assembly language)",
    "action_flag": 2,
    "change_message": "[{\"changed\": {\"fields\": [\"file\"]}}]"
  }
},
{
  "model": "admin.logentry",
  "pk": 122,
  "fields": {
    "action_time": "2019-01-05T13:13:11.902Z",
    "user": 1,
    "content_type": 30,
    "object_id": "16",
    "object_repr": "Section Report for the section 50(Course= Internet Technologies)",
    "action_flag": 2,
    "change_message": "[{\"changed\": {\"fields\": [\"file\"]}}]"
  }
},
{
  "model": "admin.logentry",
  "pk": 123,
  "fields": {
    "action_time": "2019-01-05T13:13:18.016Z",
    "user": 1,
    "content_type": 30,
    "object_id": "17",
    "object_repr": "Section Report for the section 56(Course= Operating systems - 2)",
    "action_flag": 2,
    "change_message": "[{\"changed\": {\"fields\": [\"file\"]}}]"
  }
},
{
  "model": "admin.logentry",
  "pk": 124,
  "fields": {
    "action_time": "2019-01-05T13:13:23.997Z",
    "user": 1,
    "content_type": 30,
    "object_id": "11",
    "object_repr": "Section Report for the section 60(Course= Software Engineering -2-)",
    "action_flag": 2,
    "change_message": "[{\"changed\": {\"fields\": [\"file\"]}}]"
  }
},
{
  "model": "admin.logentry",
  "pk": 125,
  "fields": {
    "action_time": "2019-01-05T13:13:43.177Z",
    "user": 1,
    "content_type": 30,
    "object_id": "18",
    "object_repr": "Section Report for the section 92(Course= Writing - 2)",
    "action_flag": 2,
    "change_message": "[{\"changed\": {\"fields\": [\"file\"]}}]"
  }
},
{
  "model": "admin.logentry",
  "pk": 126,
  "fields": {
    "action_time": "2019-01-05T13:13:51.232Z",
    "user": 1,
    "content_type": 30,
    "object_id": "20",
    "object_repr": "Section Report for the section 110(Course= Reading and comprehension - 3)",
    "action_flag": 2,
    "change_message": "[{\"changed\": {\"fields\": [\"file\"]}}]"
  }
},
{
  "model": "admin.logentry",
  "pk": 127,
  "fields": {
    "action_time": "2019-01-05T13:14:03.121Z",
    "user": 1,
    "content_type": 30,
    "object_id": "19",
    "object_repr": "Section Report for the section 95(Course= Study skills)",
    "action_flag": 2,
    "change_message": "[{\"changed\": {\"fields\": [\"file\"]}}]"
  }
},
{
  "model": "admin.logentry",
  "pk": 128,
  "fields": {
    "action_time": "2019-01-05T13:14:13.385Z",
    "user": 1,
    "content_type": 30,
    "object_id": "21",
    "object_repr": "Section Report for the section 113(Course= Grammar - 4)",
    "action_flag": 2,
    "change_message": "[{\"changed\": {\"fields\": [\"file\"]}}]"
  }
},
{
  "model": "admin.logentry",
  "pk": 129,
  "fields": {
    "action_time": "2019-01-05T13:14:19.442Z",
    "user": 1,
    "content_type": 30,
    "object_id": "22",
    "object_repr": "Section Report for the section 114(Course= Listening and Speaking - 4)",
    "action_flag": 2,
    "change_message": "[{\"changed\": {\"fields\": [\"file\"]}}]"
  }
},
{
  "model": "admin.logentry",
  "pk": 130,
  "fields": {
    "action_time": "2019-01-05T13:14:29.020Z",
    "user": 1,
    "content_type": 30,
    "object_id": "23",
    "object_repr": "Section Report for the section 121(Course= Listening and Speaking - 4)",
    "action_flag": 2,
    "change_message": "[{\"changed\": {\"fields\": [\"file\"]}}]"
  }
},
{
  "model": "admin.logentry",
  "pk": 131,
  "fields": {
    "action_time": "2019-01-05T13:14:43.802Z",
    "user": 1,
    "content_type": 30,
    "object_id": "3",
    "object_repr": "Section Report for the section 147(Course= Introduction to Islamic Culture)",
    "action_flag": 2,
    "change_message": "[{\"changed\": {\"fields\": [\"file\"]}}]"
  }
},
{
  "model": "admin.logentry",
  "pk": 132,
  "fields": {
    "action_time": "2019-01-05T13:14:52.939Z",
    "user": 1,
    "content_type": 30,
    "object_id": "4",
    "object_repr": "Section Report for the section 151(Course= Islamic Culture -2)",
    "action_flag": 2,
    "change_message": "[{\"changed\": {\"fields\": [\"file\"]}}]"
  }
},
{
  "model": "admin.logentry",
  "pk": 133,
  "fields": {
    "action_time": "2019-01-05T13:15:02.635Z",
    "user": 1,
    "content_type": 30,
    "object_id": "1",
    "object_repr": "Section Report for the section 153(Course= Islamic Culture - 3)",
    "action_flag": 2,
    "change_message": "[{\"changed\": {\"fields\": [\"file\"]}}]"
  }
},
{
  "model": "admin.logentry",
  "pk": 134,
  "fields": {
    "action_time": "2019-01-05T13:15:23.475Z",
    "user": 1,
    "content_type": 30,
    "object_id": "2",
    "object_repr": "Section Report for the section 155(Course= Islamic Culture - 4)",
    "action_flag": 2,
    "change_message": "[{\"changed\": {\"fields\": [\"file\"]}}]"
  }
},
{
  "model": "admin.logentry",
  "pk": 135,
  "fields": {
    "action_time": "2019-01-05T13:15:31.949Z",
    "user": 1,
    "content_type": 30,
    "object_id": "5",
    "object_repr": "Section Report for the section 163(Course= Arab Editing)",
    "action_flag": 2,
    "change_message": "[{\"changed\": {\"fields\": [\"file\"]}}]"
  }
},
{
  "model": "admin.logentry",
  "pk": 136,
  "fields": {
    "action_time": "2019-01-05T13:15:57.304Z",
    "user": 1,
    "content_type": 30,
    "object_id": "24",
    "object_repr": "Section Report for the section 185(Course= Project - 2)",
    "action_flag": 2,
    "change_message": "[{\"changed\": {\"fields\": [\"file\"]}}]"
  }
},
{
  "model": "admin.logentry",
  "pk": 137,
  "fields": {
    "action_time": "2019-01-05T13:16:09.136Z",
    "user": 1,
    "content_type": 30,
    "object_id": "12",
    "object_repr": "Section Report for the section 203(Course= Computer)",
    "action_flag": 2,
    "change_message": "[{\"changed\": {\"fields\": [\"file\"]}}]"
  }
},
{
  "model": "admin.logentry",
  "pk": 138,
  "fields": {
    "action_time": "2019-01-05T13:16:22.232Z",
    "user": 1,
    "content_type": 30,
    "object_id": "6",
    "object_repr": "Section Report for the section 208(Course= language skills)",
    "action_flag": 2,
    "change_message": "[{\"changed\": {\"fields\": [\"file\"]}}]"
  }
},
{
  "model": "admin.logentry",
  "pk": 139,
  "fields": {
    "action_time": "2019-01-05T13:16:53.167Z",
    "user": 1,
    "content_type": 30,
    "object_id": "28",
    "object_repr": "Section Report for the section 219(Course= Computer)",
    "action_flag": 1,
    "change_message": "[{\"added\": {}}]"
  }
},
{
  "model": "admin.logentry",
  "pk": 140,
  "fields": {
    "action_time": "2019-01-05T13:17:32.941Z",
    "user": 1,
    "content_type": 30,
    "object_id": "29",
    "object_repr": "Section Report for the section 182(Course= Knowledge Engineering and Expert Systems)",
    "action_flag": 1,
    "change_message": "[{\"added\": {}}]"
  }
}
]
